point_id,lon,lat,block_id,land_cover
0.0,11.182602869810978,48.08580409854359,2,forest
1.0,9.3608194736166,52.13271445350203,0,forest
2.0,11.078398296853123,50.946938278464266,5,forest
3.0,8.344824887277412,50.8885477849965,6,forest
4.0,10.560968693200294,48.699353437597225,2,forest
5.0,14.233281574680888,52.33753033828128,1,forest
6.0,7.346796606620643,50.20582816906566,7,forest
7.0,10.622054132520418,49.85907846939553,2,forest
8.0,11.64433692584842,50.91459892823596,5,forest
9.0,11.06043199117073,49.822247542746624,2,forest
10.0,10.838548115993206,47.87829326791198,2,forest
11.0,10.71368229150059,50.53281493248517,5,forest
12.0,9.98694522664792,52.52617654794639,9,forest
13.0,10.609477718542736,53.20530290274074,9,forest
14.0,13.87036219989659,52.16864706486682,1,forest
15.0,9.681518030047272,50.16989555770088,6,forest
16.0,6.443091430796386,50.603781839930605,7,forest
17.0,11.928204555630202,50.52293346435985,5,forest
18.0,7.662105271346576,50.16720061184852,7,forest
19.0,9.434481326914408,50.98646415096552,6,forest
20.0,7.814818869646899,50.68283358493313,7,forest
21.0,9.479397091120376,50.80230951772102,6,forest
22.0,10.09294643017401,49.30032636267318,2,forest
23.0,11.220332111744,51.02509170818266,5,forest
24.0,10.37591574467166,52.87472287818476,9,forest
25.0,8.153483731759962,53.32118557439216,0,forest
26.0,10.994854975430002,52.23063081947106,5,forest
27.0,14.96091695481769,51.4455032611506,1,forest
28.0,13.694292404209165,53.97695573179941,4,forest
29.0,12.398023449224697,51.95215308139401,5,forest
30.0,8.826321879565484,50.5570694451564,6,forest
31.0,11.832084820229396,50.85890338062055,5,forest
32.0,8.850576392236718,48.84398219834046,3,forest
33.0,13.362814064369076,48.66881071793716,8,forest
34.0,10.232185299212546,47.338405782156144,2,forest
35.0,11.892271944265415,49.31380109193498,8,forest
36.0,10.219608885234862,48.84577882890871,2,forest
37.0,10.403763518479366,50.684630215501365,6,forest
38.0,7.420458459918422,49.39015789108513,3,forest
39.0,12.906469900036342,48.89877943067176,8,forest
40.0,9.234157018555749,48.03190518149642,3,forest
41.0,13.387966892324414,48.72809952668905,8,forest
42.0,9.68421297589964,50.01987690525292,6,forest
43.0,12.89209685549045,53.04989435858806,4,forest
44.0,8.68259143410637,47.833377503706,3,forest
45.0,13.226270141182908,51.88298280451681,1,forest
46.0,7.707919350836676,53.46940759627188,0,forest
47.0,9.594381447487676,48.89249122368292,2,forest
48.0,10.034555936706257,54.01917655015303,9,forest
49.0,13.422102873120965,51.60360675115564,1,forest
50.0,7.494120313216229,50.96131132301018,7,forest
51.0,10.326508404045086,50.93526017977071,6,forest
52.0,11.38652043930611,53.15320061626181,4,forest
53.0,7.741157016349092,47.80373309933006,3,forest
54.0,8.720320676039393,50.0603010930383,6,forest
55.0,11.128703952763829,48.76942202975855,2,forest
56.0,11.629065566018395,48.881711440273484,8,forest
57.0,13.360119118516709,48.50801228207976,8,forest
58.0,7.335118507927092,49.81506102047367,7,forest
59.0,13.342152812834314,52.09049363514842,1,forest
60.0,10.639122122918678,54.10631313271262,9,forest
61.0,9.418311651800252,47.96542985047157,3,forest
62.0,10.856514421675598,53.45233960587361,9,forest
63.0,8.697862793936395,49.31649603778733,3,forest
64.0,11.611997575620135,51.38172287597811,5,forest
65.0,10.13876050966411,50.80769940942574,6,forest
66.0,6.89943559512912,49.49076920290652,7,forest
67.0,13.716750286312164,52.9546729384714,4,forest
68.0,9.827943421358754,48.49184260696561,2,forest
69.0,13.516425977953505,53.083132024100486,4,forest
70.0,8.544250880351967,51.8227956804808,0,forest
71.0,13.079844749871429,53.41461036394059,4,forest
72.0,11.2239253728805,47.93129386967503,2,forest
73.0,8.373570976369251,50.838242129085806,6,forest
74.0,12.71153548338242,50.5480862923152,1,forest
75.0,11.24099336327876,52.67529688511023,5,forest
76.0,8.467894081201791,50.2444557262828,6,forest
77.0,11.231111895153449,47.511780631991215,2,forest
78.0,7.928006595445964,50.65588412640954,7,forest
79.0,13.015166049414802,49.14401950323639,8,forest
80.0,9.142528859575547,52.87562119346888,9,forest
81.0,8.13012753437286,47.77139374910176,3,forest
82.0,7.177015017922059,51.07000747238864,7,forest
83.0,12.707942222245949,49.09461216260981,8,forest
84.0,7.192286377752083,52.13990097577499,0,forest
85.0,11.267044506518232,47.54052672108304,2,forest
86.0,8.29901080778734,47.61868015080144,3,forest
87.0,7.060234030986521,51.2523654750649,7,forest
88.0,6.071188903170906,50.742122393685015,7,forest
89.0,9.62941574356833,47.78846173950003,2,forest
90.0,10.935566166678116,49.244630815057775,2,forest
91.0,8.343028256709175,48.40650265497426,3,forest
92.0,9.484786982825083,54.40275717647207,9,forest
93.0,11.392808646294952,49.58509230773907,8,forest
94.0,13.322389876583683,52.00515368315706,1,forest
95.0,10.559172062632058,52.68966992965613,9,forest
96.0,9.225173865714568,54.050617585097214,9,forest
97.0,11.03438084793126,50.00909712184348,2,forest
98.0,12.406108286781771,52.48485404487688,4,forest
99.0,10.704699138659407,50.45555981805089,5,forest
100.0,11.779982533750484,53.62122287928808,4,forest
101.0,11.562590234993536,53.5852902679233,4,forest
102.0,11.170026455833325,48.3211627029829,2,forest
103.0,8.105873021701626,52.18751168583333,0,forest
104.0,8.911661831556842,52.47407426146745,0,forest
105.0,14.177586027065471,53.91048040077457,4,forest
106.0,10.223202146371335,53.811665719521415,9,forest
107.0,9.908791796929506,52.92413021881133,9,forest
108.0,10.493595046891327,50.89124273084885,6,forest
109.0,9.34375148321834,50.62803635260183,6,forest
110.0,6.204139565220601,50.0926404432666,7,forest
111.0,6.488905510286486,50.41513563026551,7,forest
112.0,12.051273749554582,52.98431734284734,4,forest
113.0,8.19300960426122,51.1463642715388,7,forest
114.0,14.085957868085274,50.8885477849965,1,forest
115.0,7.303677472982912,50.7735634286292,7,forest
116.0,13.400543306302096,53.33825356479044,4,forest
117.0,7.834581805897528,47.63035824949499,3,forest
118.0,7.683664838165441,47.56388291847015,3,forest
119.0,13.835327903815935,53.09121686165757,4,forest
120.0,10.146845347221188,53.579002060934464,9,forest
121.0,11.682066167781445,52.6465507960184,5,forest
122.0,10.288779162112064,48.46758809429439,2,forest
123.0,12.618110693833984,52.1587655967415,4,forest
124.0,10.637325492350442,50.00819880655936,6,forest
125.0,6.287682886643722,51.15534742438,7,forest
126.0,10.744225011160664,51.04754959028565,5,forest
127.0,10.37591574467166,51.47245271967419,5,forest
128.0,13.809276760576466,52.16864706486682,1,forest
129.0,12.858859189978006,47.82978424256952,8,forest
130.0,9.072460267414243,54.2985526035142,9,forest
131.0,10.237575190917257,51.202958134438326,6,forest
132.0,10.005809847614415,49.08832395562097,2,forest
133.0,8.801169051610145,49.74589074359646,6,forest
134.0,11.042465685488338,50.44567834992557,5,forest
135.0,11.0631269370231,49.90489254888562,2,forest
136.0,10.950837526508169,50.64061276657951,5,forest
137.0,8.030414537835583,48.17743225752378,3,forest
138.0,7.750140169190303,52.21266451378867,0,forest
139.0,9.45514257844914,48.33823069338118,3,forest
140.0,14.350062561616426,53.451441290589486,4,forest
141.0,12.679196133154107,48.28073851519753,8,forest
142.0,13.047505399643114,52.28632636708648,1,forest
143.0,7.027894680758209,52.117443093672,0,forest
144.0,11.83298313551353,50.72056282686614,5,forest
145.0,13.208303835500516,48.843083883056345,8,forest
146.0,8.10407639113339,51.46167293626475,0,forest
147.0,12.012646192337428,49.60844850512618,8,forest
148.0,7.883090831239997,52.60253334709654,0,forest
149.0,9.419209967084385,48.548436469865145,3,forest
150.0,11.314655216576568,50.253438879124,5,forest
151.0,14.363537290878211,51.8183041040602,1,forest
152.0,8.917051723261551,47.92320903211795,3,forest
153.0,7.083590228373623,50.11240337951723,7,forest
154.0,8.252298413013108,48.22594128286623,3,forest
155.0,10.436102868707678,50.517543572655136,6,forest
156.0,9.891723806531246,54.30394249521892,9,forest
157.0,7.736665439928515,49.17007064647585,3,forest
158.0,7.694444621574888,52.41209050686321,0,forest
159.0,12.343226216893411,53.09570843807816,4,forest
160.0,11.008329704691818,52.47587089203569,5,forest
161.0,10.800818874060184,49.523108553134826,2,forest
162.0,10.300457260805617,52.70943286590676,9,forest
163.0,11.1322972139003,49.58329567717083,2,forest
164.0,9.3150053941265,51.32782395893094,6,forest
165.0,10.828666647867893,49.16198580891878,2,forest
166.0,11.481741859422783,53.68769821031293,4,forest
167.0,14.101229227915326,53.65535886008462,4,forest
168.0,8.880220796612662,50.301947904466445,6,forest
169.0,13.608054136933704,51.5649791939385,1,forest
170.0,13.865870623476011,53.56912059280915,4,forest
171.0,10.824175071447314,52.15696896617326,5,forest
172.0,8.300807438355577,52.363581481520754,0,forest
173.0,13.055590237200192,53.62301950985632,4,forest
174.0,12.577686506048622,53.543069449569686,4,forest
175.0,14.871085426405756,51.30087450040735,1,forest
176.0,6.795231022171237,49.93992684496628,7,forest
177.0,7.619884452992977,49.22486787880714,3,forest
178.0,8.483165441031844,49.04520482198324,3,forest
179.0,7.806734032089821,50.58581553424822,7,forest
180.0,9.906096851077166,53.59876499718509,9,forest
181.0,11.351486143225458,48.606826963332914,2,forest
182.0,9.56653367367997,51.34040037290862,6,forest
183.0,6.694619710349855,51.44280831529824,7,forest
184.0,9.295242457875872,47.82439435086481,3,forest
185.0,9.101206356506054,52.82082396113759,0,forest
186.0,9.30332729543295,49.92824874627273,6,forest
187.0,7.889379038228839,47.72557966961166,3,forest
188.0,14.085957868085274,50.93076860335011,1,forest
189.0,8.189416343124748,48.15138111428431,3,forest
190.0,7.309965679971725,52.43454838896619,0,forest
191.0,8.358299616539227,50.088148866846005,6,forest
192.0,7.495916943784465,51.20385644972245,7,forest
193.0,8.446334514382926,50.80949603999398,6,forest
194.0,11.46377555374039,49.167375700623495,8,forest
195.0,6.471837519888226,50.94603996318015,7,forest
196.0,12.871435603955687,52.0527643932154,1,forest
197.0,9.788417548857495,51.93508509099574,6,forest
198.0,12.104274351317628,48.80625295640745,8,forest
199.0,7.106946425760725,50.05850446247006,7,forest
200.0,8.260383250570186,47.71479988620223,3,forest
201.0,10.570850161325607,48.15677100598903,2,forest
202.0,12.521990958433207,50.48610253771095,5,forest
203.0,9.50365160379161,49.519515291998346,6,forest
204.0,7.062928976838862,49.84650205541785,7,forest
205.0,8.70504931620934,49.6551608999004,3,forest
206.0,9.311412132990029,48.653539358107125,3,forest
207.0,8.103178075849286,52.11115488668317,0,forest
208.0,11.957848960006146,49.80607786763248,8,forest
209.0,12.787892282532567,53.3139990521192,4,forest
210.0,10.260931388304355,48.30948460428935,2,forest
211.0,10.15582850006237,47.56028965733367,2,forest
212.0,8.708642577345842,48.184618779796736,3,forest
213.0,13.178659431124572,51.63145452496334,1,forest
214.0,8.340333310856835,49.99382576201345,6,forest
215.0,11.87610226915126,48.65533598867537,8,forest
216.0,11.785372425455192,52.38154778720314,5,forest
217.0,8.414893479438746,51.22092444012072,6,forest
218.0,12.142901908534752,49.57790578546612,8,forest
219.0,8.422978316995824,48.69396354589251,3,forest
220.0,11.642540295280185,50.10072528082368,5,forest
221.0,11.46377555374039,53.14781072455709,4,forest
222.0,12.000069778359745,52.07791722117074,5,forest
223.0,14.693219000150094,51.37992624540988,1,forest
224.0,11.490725012263994,47.54771324335599,2,forest
225.0,11.52935256948112,52.35549664396368,5,forest
226.0,11.345197936236616,49.51143045444127,8,forest
227.0,7.441119711453183,52.78039977335221,0,forest
228.0,10.588816467008002,49.10269700016688,2,forest
229.0,13.107692523679134,53.11996295074938,4,forest
230.0,8.228942215626006,50.83285223738108,6,forest
231.0,8.676303227117529,49.56892263262492,3,forest
232.0,7.921718388457123,48.17114405053494,3,forest
233.0,12.137512016830044,53.63739255440223,4,forest
234.0,12.335141379336337,50.63342624430655,5,forest
235.0,12.924436205718736,50.47711938486975,1,forest
236.0,9.00867988224175,48.12263502519249,3,forest
237.0,13.120268937656787,52.468684369762734,4,forest
238.0,8.571200338875542,52.90346896727658,0,forest
239.0,9.65816183266017,49.00747558005022,2,forest
240.0,6.275106472666039,50.5849172189641,7,forest
241.0,10.727157020762403,53.54576439542204,9,forest
242.0,10.349864601432188,47.3869148074986,2,forest
243.0,10.747818272297138,52.44622648765974,5,forest
244.0,9.01137482809412,50.05850446247006,6,forest
245.0,9.945622723578424,51.92250867701807,6,forest
246.0,11.983900103245617,49.88243466678263,8,forest
247.0,13.388865207608546,51.78416812326366,1,forest
248.0,13.900904919556666,52.298004465780025,1,forest
249.0,9.602466285044756,48.17473731167142,2,forest
250.0,10.509764722005457,47.55310313506071,2,forest
251.0,11.89047531369718,49.18444369102176,8,forest
252.0,12.687280970711186,48.90686426822883,8,forest
253.0,8.412198533586377,52.085103743443696,0,forest
254.0,11.179009608674503,53.60864646531041,9,forest
255.0,12.667518034460556,53.98144730822001,4,forest
256.0,13.529002391931186,52.15337570503678,1,forest
257.0,8.18133150556767,52.63307606675661,0,forest
258.0,10.23308361449665,53.91856523833164,9,forest
259.0,7.885785777092337,50.07826739872069,7,forest
260.0,10.975092039179373,50.00550386070701,2,forest
261.0,13.74998795182458,52.35280169811132,1,forest
262.0,8.203789387670668,52.333038761860685,0,forest
263.0,10.859209367527969,49.56443105620432,2,forest
264.0,13.168777962999258,51.353875102170406,1,forest
265.0,13.313406723742505,48.97783117567428,8,forest
266.0,9.836926574199936,53.366101338598135,9,forest
267.0,9.464125731290352,49.28415668755903,3,forest
268.0,11.102652809524358,49.15030771022522,2,forest
269.0,12.43395606058948,51.06012600426333,5,forest
270.0,9.052697331163614,49.40902251205164,3,forest
271.0,11.086483134410202,48.61760674674235,2,forest
272.0,9.387768932140176,51.71499784638645,6,forest
273.0,13.742801429551632,52.313275825610056,1,forest
274.0,7.386322479121901,51.33321385063566,7,forest
275.0,10.249253289610806,50.93885344090719,6,forest
276.0,9.149715381848525,50.58312058839586,6,forest
277.0,12.698060754120633,53.34454177177927,4,forest
278.0,11.7674061197728,48.04448159547409,8,forest
279.0,9.373395887594285,51.82728725690139,6,forest
280.0,9.6554668868078,50.5480862923152,6,forest
281.0,7.410576991793107,50.75110554652621,7,forest
282.0,9.6096528073177,51.13019459642464,6,forest
283.0,7.689054729870179,49.74768737416471,7,forest
284.0,11.03797410906776,48.25738231781042,2,forest
285.0,12.182427781036012,50.77176679806096,5,forest
286.0,8.042990951813266,49.36231011727743,3,forest
287.0,11.774592642045748,50.82476739982401,5,forest
288.0,7.906447028627099,48.51789375020508,3,forest
289.0,13.831734642679464,53.17206523722832,4,forest
290.0,11.033482532647156,50.66576559453485,5,forest
291.0,9.728230424821476,50.00191059957053,6,forest
292.0,12.124037287568257,48.58436908122992,8,forest
293.0,8.760744863824755,53.37867775257581,0,forest
294.0,12.619009009118116,51.61977642626979,5,forest
295.0,8.22714558505777,51.65211577649809,0,forest
296.0,10.996651605998238,48.13790638502252,2,forest
297.0,9.173071579235623,50.9945489885226,6,forest
298.0,9.825248475506385,53.80358088196434,9,forest
299.0,8.746371819278863,50.04502973320827,6,forest
300.0,11.13768710560501,51.31434922966915,5,forest
301.0,9.64917867981896,51.72218436865941,6,forest
302.0,14.599794210601658,51.3673498314322,1,forest
303.0,11.165534879412718,48.02561697450758,2,forest
304.0,8.218162432216559,48.52777521833039,3,forest
305.0,13.868565569328354,51.58743707604148,1,forest
306.0,12.265971102459131,53.08043707824813,4,forest
307.0,11.282315866348256,47.99148099371104,2,forest
308.0,13.977261718706814,51.14456764097056,1,forest
309.0,9.016764719798829,49.705466555811086,6,forest
310.0,13.671834522106195,52.79117955676164,4,forest
311.0,8.151687101191726,49.05508629010856,3,forest
312.0,12.919046314014023,54.15302552748683,4,forest
313.0,7.767208159588563,51.96832275650816,0,forest
314.0,10.658885059169307,52.75794189124922,9,forest
315.0,8.172348352726488,50.12587810877902,6,forest
316.0,9.822553529654044,52.507311926979874,9,forest
317.0,13.86497230819188,53.59966331246921,4,forest
318.0,13.316101669594843,53.575408799797984,4,forest
319.0,12.319870019506313,48.95537329357128,8,forest
320.0,8.529877835806047,48.6616241956642,3,forest
321.0,6.665873621258044,50.17528544940559,7,forest
322.0,10.859209367527969,50.48879748356331,5,forest
323.0,9.61773764487478,51.41855380262702,6,forest
324.0,13.99343139382097,51.36195993972749,1,forest
325.0,11.691049320622652,49.44765006926878,8,forest
326.0,11.333519837543063,50.34506703810418,5,forest
327.0,12.780705760259622,51.523656690869,1,forest
328.0,8.211874225227746,47.77678364080647,3,forest
329.0,6.351463271816215,50.71157967402496,7,forest
330.0,10.640918753486917,51.87399965167561,5,forest
331.0,7.585748472196428,52.75165368426038,0,forest
332.0,8.095093238292208,51.01071866363675,7,forest
333.0,7.097064957635411,50.34057546168359,7,forest
334.0,12.906469900036342,49.13323971982695,8,forest
335.0,9.613246068454174,49.70277160995873,6,forest
336.0,8.060058942211526,51.43382516245705,0,forest
337.0,11.507793002662254,49.44315849284818,8,forest
338.0,7.042267725304129,50.48161096129035,7,forest
339.0,8.290925970230262,52.336632022997165,0,forest
340.0,9.416515021232016,51.67816691973756,6,forest
341.0,14.317723211388111,52.31237751032594,1,forest
342.0,8.96286580275165,48.950881717150686,3,forest
343.0,9.825248475506385,50.0971320196872,6,forest
344.0,11.067618513443705,49.23564766221658,2,forest
345.0,11.460182292603918,50.67205380152369,5,forest
346.0,7.191388062467951,51.206551395574806,7,forest
347.0,11.3577743502143,48.59065728821876,2,forest
348.0,13.920667855807295,52.31417414089418,1,forest
349.0,12.287530669278,54.193449715272216,4,forest
350.0,10.591511412860342,49.05867955124503,2,forest
351.0,9.449752686744432,52.55582095232233,9,forest
352.0,9.28625930503469,52.619601337494814,9,forest
353.0,6.131376027206926,51.24428063750783,7,forest
354.0,7.14287903712551,52.31417414089418,0,forest
355.0,12.900181693047529,48.84218556777223,8,forest
356.0,13.644885063582592,48.85206703589754,8,forest
357.0,10.912209969291013,53.721834191109465,9,forest
358.0,13.19213416038636,53.25291361279908,4,forest
359.0,7.688156414586047,51.05024453613801,7,forest
360.0,9.708467488570848,50.539103139474,6,forest
361.0,7.767208159588563,51.589233706609726,0,forest
362.0,9.255716585374614,52.51629507982107,0,forest
363.0,9.215292397589252,49.33895391989032,3,forest
364.0,10.890650402472149,51.72667594508001,5,forest
365.0,9.262903107647588,49.5590411644996,6,forest
366.0,10.2447617131902,53.1711669219442,9,forest
367.0,11.82399998267232,47.68695211239452,8,forest
368.0,9.6321106894207,49.80158629121188,6,forest
369.0,11.638947034143712,48.16934741996671,8,forest
370.0,7.756428376179144,49.66863562916219,3,forest
371.0,10.4738321106407,47.70132515694044,2,forest
372.0,11.44401261748976,48.87901649442112,8,forest
373.0,10.004911532330311,53.99761698333416,9,forest
374.0,10.29866063023738,52.688771614372016,9,forest
375.0,12.258784580186187,52.20278304566335,5,forest
376.0,9.743501784651528,50.84453033607464,6,forest
377.0,12.938809250264654,53.34184682592691,4,forest
378.0,9.436277957482645,54.12787269953149,9,forest
379.0,11.623675674313688,50.92358208107716,5,forest
380.0,12.235428382799055,52.22434261248223,5,forest
381.0,11.945272546028464,48.84937209004518,8,forest
382.0,11.574268333687115,49.44765006926878,8,forest
383.0,13.15530323373747,52.13451108407027,1,forest
384.0,6.235580600164781,50.81668256226693,7,forest
385.0,9.342853167934209,50.42591541367494,6,forest
386.0,8.611624526660933,53.28345633245914,0,forest
387.0,8.199297811250062,48.06514284700884,3,forest
388.0,7.289304428436992,50.15282756730261,7,forest
389.0,9.036527656049458,50.55078123816756,6,forest
390.0,10.260931388304355,52.93401168693664,9,forest
391.0,8.88561068831737,50.11420001008547,6,forest
392.0,12.048578803702211,52.20817293736808,5,forest
393.0,12.056663641259291,52.29441120464355,5,forest
394.0,13.107692523679134,53.517018306330215,4,forest
395.0,9.573720195952916,49.17635885346469,2,forest
396.0,7.270439807470467,49.26259712074016,3,forest
397.0,9.591686501635309,48.563707829695176,2,forest
398.0,12.89748674719516,53.34723671763163,4,forest
399.0,13.162489756010416,50.831055606812846,1,forest
400.0,7.336016823211196,52.87651950875299,0,forest
401.0,7.157252081671402,52.1264262465132,0,forest
402.0,6.885960865867332,50.03245331923059,7,forest
403.0,10.032759306138018,49.46022648324646,2,forest
404.0,6.670365197678649,49.56532937148844,7,forest
405.0,10.880768934346833,48.63916631356121,2,forest
406.0,6.992860384677556,50.01628364411644,7,forest
407.0,10.635528861782204,50.7322409255597,5,forest
408.0,13.674529467958536,50.91819218937244,1,forest
409.0,8.804762312746618,48.92752551976358,3,forest
410.0,11.11163596236554,50.05311457076534,5,forest
411.0,10.579833314166793,53.18284502063776,9,forest
412.0,13.857785785918937,51.99886547616823,1,forest
413.0,10.443289390980624,52.554024321754085,9,forest
414.0,9.350938005491289,49.72163623092524,6,forest
415.0,12.298310452687446,53.70746114656355,4,forest
416.0,12.307293605528628,49.33266571290149,8,forest
417.0,12.654043305198767,53.19631974989954,4,forest
418.0,13.922464486375532,51.66199724462341,1,forest
419.0,12.739383257190129,53.0328263681898,4,forest
420.0,11.53564077646996,53.2358456224008,4,forest
421.0,11.190687707368056,49.910282440590336,2,forest
422.0,11.018211172817132,48.42806222179313,2,forest
423.0,11.258959668961154,50.893039361417095,5,forest
424.0,8.08700840073513,51.17511036063063,7,forest
425.0,8.034007798972056,48.07053273871356,3,forest
426.0,12.782502390827858,53.01845332364388,4,forest
427.0,8.239721999035453,48.141499646159,3,forest
428.0,12.705247276393578,53.17835344421715,4,forest
429.0,8.941306235932785,48.5879623423664,3,forest
430.0,12.433057745305376,53.41550867922472,4,forest
431.0,6.237377230733017,51.34668857989745,7,forest
432.0,11.109839331797303,50.36752492020717,5,forest
433.0,11.773694326761644,52.015035151282376,5,forest
434.0,9.430888065777935,50.20672648434978,6,forest
435.0,8.696964478652262,51.81291421235549,0,forest
436.0,14.00241454666218,52.38154778720314,1,forest
437.0,11.857237648184764,48.7397776253826,8,forest
438.0,10.140557140232346,53.04001289046275,9,forest
439.0,9.50365160379161,50.623544776181234,6,forest
440.0,14.048228626152252,53.59607005133273,4,forest
441.0,10.371424168251052,50.85351348891584,6,forest
442.0,7.526459663444541,52.58366872613003,0,forest
443.0,11.462877238456286,50.12228484764255,5,forest
444.0,12.40520997149767,51.10863502960578,5,forest
445.0,9.315903709410634,50.14474272974553,6,forest
446.0,11.346096251520748,49.80158629121188,8,forest
447.0,9.179359786224468,49.82943406501958,6,forest
448.0,8.676303227117529,49.57610915489788,3,forest
449.0,9.46322741600622,52.092290265716656,0,forest
450.0,7.420458459918422,51.47874092666302,7,forest
451.0,11.376638971180796,49.14312118795227,8,forest
452.0,13.961092043592686,51.701523117124665,1,forest
453.0,10.465747273083622,52.67439856982611,9,forest
454.0,9.500058342655135,53.0930134922258,9,forest
455.0,10.86819252036915,51.54072468126727,5,forest
456.0,12.601042703435724,50.54089977004224,5,forest
457.0,13.798496977167048,52.88819760744655,4,forest
458.0,6.904825486833829,50.54898460759932,7,forest
459.0,10.969702147474663,48.42267233008841,2,forest
460.0,11.081991557989596,48.70653995987018,2,forest
461.0,13.237049924592329,53.78651289156608,4,forest
462.0,13.20111731322757,52.457006271069176,4,forest
463.0,9.478498775836272,54.15931373447568,9,forest
464.0,10.634630546498071,50.131268000483736,6,forest
465.0,9.60336460032886,52.40939556101085,9,forest
466.0,6.212224402777679,51.17241541477826,7,forest
467.0,7.948667846980726,50.86339495704115,7,forest
468.0,6.376616099771553,50.48700085299507,7,forest
469.0,11.684761113633812,51.20116150387009,5,forest
470.0,10.5160529289943,50.31362600316,6,forest
471.0,11.334418152827196,49.822247542746624,8,forest
472.0,12.14200359325065,53.060674141997495,4,forest
473.0,12.537262318263233,47.88008989848022,8,forest
474.0,13.299931994480716,51.434723477741166,1,forest
475.0,9.404836922538465,49.86087509996376,6,forest
476.0,6.208631141641206,50.19594670094035,7,forest
477.0,10.446882652117097,52.16864706486682,5,forest
478.0,12.34232790160928,53.21338774029782,4,forest
479.0,8.862254490930269,52.57109231215236,0,forest
480.0,8.13012753437286,52.10756162554669,0,forest
481.0,13.68441093608385,48.53406342531923,8,forest
482.0,9.69229781345672,50.89124273084885,6,forest
483.0,12.069240055236946,48.45052010389612,8,forest
484.0,12.490549923489027,52.02581493469181,5,forest
485.0,6.960521034449243,50.443881719357336,7,forest
486.0,12.280344147005051,50.80949603999398,5,forest
487.0,12.765434400429598,49.36680169369803,8,forest
488.0,11.573370018402985,50.4097457385608,5,forest
489.0,6.848231623934311,50.440288458220856,7,forest
490.0,12.295615506835077,48.96884802283308,8,forest
491.0,8.071737040905077,49.3748865312551,3,forest
492.0,13.709563764039215,51.34758689518157,1,forest
493.0,12.251598057913212,49.72702612262995,8,forest
494.0,10.727157020762403,53.82424213349909,9,forest
495.0,11.113432592933776,52.81273912358051,9,forest
496.0,8.48496207160008,48.788286650725055,3,forest
497.0,13.961092043592686,51.87579628224385,1,forest
498.0,11.26345124538176,52.55492263703821,5,forest
499.0,9.555753890270552,51.21643286370012,6,forest
500.0,10.080370016196326,49.74858568944882,6,cropland
501.0,12.161766529501278,53.94012480515051,4,cropland
502.0,11.868915746878317,48.3993161327013,8,cropland
503.0,8.792185898768935,53.60505320417393,9,cropland
504.0,11.423351365955028,50.17618376468972,5,cropland
505.0,12.085409730351104,53.2124894250137,4,cropland
506.0,10.607681087974498,52.40849724572672,5,cropland
507.0,11.611997575620135,50.537306508905765,5,cropland
508.0,11.43233451879621,51.27123009603141,5,cropland
509.0,12.859757505262138,53.57001890809327,4,cropland
510.0,11.955154014153775,50.28398159878406,5,cropland
511.0,7.37464438042835,52.05006944736304,0,cropland
512.0,14.000617916093944,53.42988172377062,4,cropland
513.0,10.097438006594617,51.99527221503175,5,cropland
514.0,10.565460269620871,52.37346294964607,5,cropland
515.0,6.331700335565586,51.345790264613335,7,cropland
516.0,9.756976513913315,52.20996956793631,9,cropland
517.0,10.145947031937055,51.94945813554165,5,cropland
518.0,11.875203953867157,48.436147059350205,8,cropland
519.0,9.714755695559688,54.37760434851672,9,cropland
520.0,11.883288791424206,48.8502704053293,8,cropland
521.0,7.713309242541413,53.37418617615521,0,cropland
522.0,10.931972905541642,53.66883358934642,9,cropland
523.0,12.6513483593464,51.380824560694,5,cropland
524.0,11.027194325658314,51.92700025343866,5,cropland
525.0,6.079273740727984,50.99634561909084,7,cropland
526.0,13.00079300486891,51.95125476610989,1,cropland
527.0,12.000069778359745,52.28273310595,5,cropland
528.0,11.66948975380376,53.458627812862446,4,cropland
529.0,9.041917547754167,54.51235164113464,9,cropland
530.0,8.048380843517975,49.620126603819735,3,cropland
531.0,11.95335738358554,53.94641301213935,4,cropland
532.0,11.946170861312597,53.78202131514547,4,cropland
533.0,10.494493362175431,53.46042444343068,9,cropland
534.0,11.264349560665863,52.155172335605016,5,cropland
535.0,7.279422960311678,49.15030771022522,3,cropland
536.0,10.65619011331694,48.04717654132645,2,cropland
537.0,8.116652805111073,52.843281843240575,0,cropland
538.0,13.72753006972161,53.535882927296726,4,cropland
539.0,13.087929587428505,48.54753815458102,8,cropland
541.0,11.4494025091945,52.20817293736808,5,cropland
542.0,10.935566166678116,50.89124273084885,5,cropland
543.0,11.918323087504888,48.4684864095785,8,cropland
544.0,8.152585416475858,50.31452431844412,6,cropland
545.0,6.717975907736957,49.3057162543779,7,cropland
546.0,7.88668409237647,53.28974453944798,0,cropland
547.0,10.28788084682796,54.37311277209612,9,cropland
548.0,14.45157218872194,52.5315664396511,1,cropland
549.0,9.444362795039725,48.92483057391122,3,cropland
550.0,8.972747270876965,50.75919038408328,6,cropland
551.0,11.842864603638844,48.15138111428431,8,cropland
552.0,13.466120322042826,50.745715654821495,1,cropland
553.0,9.05449396173185,47.86212359279783,3,cropland
554.0,11.955154014153775,54.1422457440774,4,cropland
555.0,9.02574787264001,53.14062420228414,9,cropland
556.0,11.790762317159905,53.17655681364892,4,cropland
557.0,8.736490351153549,52.4075989304426,0,cropland
558.0,13.21549035777346,51.9243053075863,1,cropland
559.0,8.929628137239234,50.29565969747761,6,cropland
560.0,9.640195526977775,52.44802311822799,9,cropland
561.0,7.694444621574888,48.030108550928176,3,cropland
562.0,9.313208763558263,51.03227823045562,6,cropland
563.0,12.248903112060871,54.09463503401906,4,cropland
564.0,8.527182889953679,52.4623961627739,0,cropland
565.0,10.772971100252477,54.2985526035142,9,cropland
566.0,11.006533074123553,51.052041166706246,5,cropland
567.0,11.8132201992629,51.36195993972749,5,cropland
568.0,12.769925976850176,51.98988232332703,1,cropland
569.0,6.31014076874672,51.71948942280705,7,cropland
570.0,11.049652207761312,52.35908990510015,5,cropland
571.0,8.949391073489863,48.72360795026845,3,cropland
572.0,11.83298313551353,51.01610855534147,5,cropland
573.0,10.919396491563958,54.3030441799348,9,cropland
575.0,7.972922359651932,52.778603142783965,0,cropland
576.0,10.163913337619448,48.12622828632897,2,cropland
577.0,12.86874065810332,51.720387738091176,1,cropland
578.0,12.057561956543395,52.1955965233904,5,cropland
579.0,10.54210407223377,51.30626439211208,5,cropland
581.0,7.566883851229932,51.4086723345017,7,cropland
582.0,12.056663641259291,48.72809952668905,8,cropland
583.0,10.11899757341348,52.21805440549339,9,cropland
584.0,10.632833915929837,52.93041842580017,9,cropland
585.0,8.704151000925236,52.08240879759134,0,cropland
586.0,10.515154613710196,49.34793707273152,2,cropland
587.0,12.713332113950656,54.26531493800178,4,cropland
588.0,12.509414544455524,51.52724995200548,5,cropland
589.0,8.834406717122562,53.811665719521415,9,cropland
590.0,11.24099336327876,49.28774994869551,2,cropland
591.0,12.483363401216051,48.88350807084172,8,cropland
592.0,9.66983993135372,54.653387140741415,9,cropland
593.0,9.577313457089415,48.366976782473,2,cropland
594.0,10.958922364065243,53.78920783741843,9,cropland
595.0,11.59582790050598,52.18122347884449,5,cropland
596.0,13.237049924592329,51.13109291170877,1,cropland
597.0,10.282490955123222,50.21840458304333,6,cropland
598.0,12.137512016830044,49.0757475416433,8,cropland
599.0,7.271338122754599,50.07557245286833,7,cropland
600.0,12.653144989914637,51.37723129955752,5,cropland
601.0,11.259857984245258,53.82783539463557,9,cropland
602.0,9.702179281582032,50.70259652118376,6,cropland
603.0,10.480120317629511,52.94479147034608,9,cropland
604.0,11.172721401685664,51.22361938597308,5,cropland
605.0,13.059183498336663,50.86070001118879,1,cropland
606.0,13.39515341459736,51.42843527075233,1,cropland
607.0,12.378260512974066,51.90993226304039,5,cropland
608.0,9.136240652586736,49.42339555659756,3,cropland
609.0,10.623850763088656,54.16919520260099,9,cropland
610.0,9.45514257844914,54.37940097908496,9,cropland
611.0,11.37843560174906,50.17169218826912,5,cropland
612.0,12.000968093643875,53.075047186543415,4,cropland
613.0,11.110737647081436,51.48053755723126,5,cropland
614.0,11.522166047208174,52.5270748632305,5,cropland
615.0,12.25608963433382,52.25039375572169,5,cropland
616.0,11.89047531369718,51.864118183550296,5,cropland
617.0,7.88668409237647,49.68031372785574,3,cropland
618.0,6.307445822894351,51.578453923200286,7,cropland
619.0,12.154580007228304,52.07522227531838,5,cropland
620.0,11.617387467324846,49.318292668355575,8,cropland
621.0,6.742230420408191,49.40183598977869,7,cropland
622.0,9.156003588837365,48.59514886463936,3,cropland
623.0,11.073008405148414,53.78830952213431,9,cropland
624.0,11.920119718073124,48.62748821486766,8,cropland
625.0,8.844288185247876,53.016656693075646,0,cropland
626.0,11.08917808026257,49.09281553204157,2,cropland
627.0,13.06367507475727,52.99330049568853,4,cropland
628.0,14.183874234054317,52.4992270894228,1,cropland
629.0,7.203964476445634,52.96904598301731,0,cropland
630.0,10.625647393656893,51.25146715978078,5,cropland
631.0,14.3536558227529,51.19217835102889,1,cropland
632.0,10.034555936706257,48.87632154856877,2,cropland
633.0,8.697862793936395,51.45897799041239,6,cropland
634.0,11.130500583332063,52.40131072345377,5,cropland
635.0,10.700207562238802,48.57089435196813,2,cropland
636.0,12.352209369734595,52.44083659595504,4,cropland
637.0,10.030962675569754,54.259925046297056,9,cropland
638.0,6.630839325177362,51.20834802614304,7,cropland
639.0,11.674879645508495,52.64475416545016,5,cropland
641.0,11.768304435056931,49.51322708500951,8,cropland
642.0,8.446334514382926,49.74768737416471,3,cropland
643.0,13.260406121979456,50.86429327232527,1,cropland
644.0,14.544098662986244,51.77159170928599,1,cropland
645.0,12.941504196117023,53.783817945713714,4,cropland
646.0,9.654568571523695,48.09119399024831,2,cropland
647.0,9.650076995103092,52.56300747459528,9,cropland
648.0,9.077850159118952,50.65049423470482,6,cropland
650.0,10.533120919392587,54.12427943839501,9,cropland
651.0,9.839621520052305,52.216257774925154,9,cropland
652.0,11.790762317159905,49.87075656808908,8,cropland
653.0,7.127607677295458,50.309134426739405,7,cropland
654.0,10.12169251926585,52.55851589817469,9,cropland
655.0,10.563663639052637,53.14691240927297,9,cropland
656.0,10.738835119455956,52.13001950764968,5,cropland
657.0,10.366034276546344,50.08545392099364,6,cropland
658.0,7.82380202248811,52.43814165010267,0,cropland
659.0,10.521442820699036,53.3229822049604,9,cropland
660.0,9.251225008954007,49.043408191415,3,cropland
661.0,11.754829705795116,51.974610963497,5,cropland
662.0,13.717648601596297,51.68265849615816,1,cropland
663.0,9.4982617120869,49.72253454620936,6,cropland
664.0,11.113432592933776,53.66164706707346,9,cropland
665.0,13.46432369147459,53.95270121912819,4,cropland
666.0,11.075703351000785,48.633776421856496,2,cropland
667.0,12.832808046738563,53.51432336047786,4,cropland
668.0,11.542827298742909,50.64600265828423,5,cropland
669.0,13.969176881149735,53.25111698223084,4,cropland
670.0,9.687806237036114,54.348858259424894,9,cropland
671.0,6.816790588990131,50.760987014651526,7,cropland
672.0,11.444910932773894,50.610968362203565,5,cropland
673.0,8.877525850760293,48.6158101161741,3,cropland
674.0,11.324536684701885,51.15444910909587,5,cropland
675.0,9.614144383738306,51.059227688979206,6,cropland
676.0,11.470063760729232,48.30319639730051,8,cropland
677.0,13.067268335893743,48.35260373792708,8,cropland
678.0,13.328678083572528,51.245178952791946,1,cropland
679.0,13.194829106238728,50.94963322431662,1,cropland
680.0,8.193907919545353,51.539826365983146,0,cropland
681.0,6.427820070966362,51.21733117898424,7,cropland
682.0,9.115579401051974,54.32190880090131,9,cropland
683.0,14.796525257823816,51.01251529420499,1,cropland
684.0,9.437176272766749,52.63666932789309,9,cropland
685.0,12.088104676203471,51.04575295971741,5,cropland
686.0,10.600494565701553,49.20690157312475,2,cropland
687.0,12.169851367058357,53.65266391423226,4,cropland
688.0,6.865299614332571,52.038391348669485,7,cropland
689.0,11.238298417426392,51.2847048252932,5,cropland
690.0,12.258784580186187,49.63270301779741,8,cropland
691.0,11.302078802598883,51.1508558479594,5,cropland
692.0,12.889401909638082,48.563707829695176,8,cropland
693.0,7.994481926470797,53.58798521377565,0,cropland
694.0,6.58143198455079,51.19307666631301,7,cropland
695.0,8.837999978259035,49.856383523543165,6,cropland
696.0,12.716027059803023,52.36268316623664,4,cropland
697.0,11.617387467324846,53.8475983308862,4,cropland
698.0,12.850774352420956,50.8750730557347,1,cropland
699.0,12.680992763722344,54.055109161517805,4,cropland
700.0,9.159596849973838,54.45755440880336,9,cropland
701.0,10.321118512340377,48.55921625327458,2,cropland
702.0,9.275479521625243,52.40400566930613,0,cropland
703.0,11.737761715396855,51.08887209335515,5,cropland
704.0,13.526307446078818,53.60774815002629,4,cropland
705.0,12.464498780249556,48.77121866032678,8,cropland
706.0,10.73973343474006,52.0895953198643,5,cropland
707.0,14.811796617653869,51.39160434410343,1,cropland
708.0,12.956775555947049,51.6341494708157,1,cropland
709.0,8.468792396485924,48.94639014073009,3,cropland
710.0,7.191388062467951,50.21391300662273,7,cropland
711.0,7.847158219875212,50.46723791674444,7,cropland
712.0,12.061155217679897,53.26818497262911,4,cropland
713.0,9.193732830770358,52.80195934017108,9,cropland
714.0,11.421554735386792,50.19235343980387,5,cropland
715.0,11.65870997039434,49.12605319755399,8,cropland
716.0,13.598172668808388,53.1711669219442,4,cropland
717.0,11.510487948514625,51.20475476500657,5,cropland
718.0,12.20488566313901,52.29351288935943,5,cropland
719.0,11.223027057596369,53.7649533247472,9,cropland
720.0,11.83567808136587,51.543419627119626,5,cropland
721.0,6.924588423084458,51.96293286480344,7,cropland
722.0,7.795954248680402,48.45860494145319,3,cropland
723.0,9.185647993213308,51.5191651144484,6,cropland
724.0,8.142703948350544,51.51647016859605,0,cropland
725.0,11.86981406216242,50.51215368095042,5,cropland
726.0,13.79041213960997,53.48288232553367,4,cropland
727.0,11.176314662822165,48.61491180088999,2,cropland
728.0,11.625472304881924,53.907785454922205,4,cropland
729.0,8.807457258598987,50.74391902425325,6,cropland
730.0,9.89531706766772,47.944768598936825,2,cropland
731.0,10.299558945521513,49.99472407729757,6,cropland
732.0,10.048030665968042,50.14025115332493,6,cropland
733.0,14.587217796623976,52.01683178185061,1,cropland
734.0,12.311785181949231,54.02187149600539,4,cropland
735.0,6.674856774099226,50.6999015753314,7,cropland
736.0,10.772072784968373,53.6544605448005,9,cropland
737.0,8.306197330060286,51.6386410472363,0,cropland
738.0,11.717998779146228,51.864118183550296,5,cropland
739.0,10.604087826838024,52.239613972312256,5,cropland
740.0,12.86874065810332,52.54593948419701,4,cropland
741.0,7.219235836275658,52.75165368426038,0,cropland
742.0,10.208829101825444,53.17206523722832,9,cropland
743.0,11.871610692730656,48.24211095798039,8,cropland
744.0,11.996476517223272,53.5026452617843,4,cropland
745.0,12.469888671954266,49.067662704086224,8,cropland
746.0,7.311762310539962,52.10935825611493,0,cropland
747.0,9.3832773557196,47.74174934472581,3,cropland
748.0,7.973820674936064,53.01755500835976,0,cropland
749.0,7.395305631963083,50.40255921628784,7,cropland
750.0,9.097613095369582,52.22254598191398,0,cropland
751.0,6.654195522564493,51.12839796585641,7,cropland
752.0,12.447430789851268,48.62389495373118,8,cropland
753.0,12.168953051774224,50.78613984260687,5,cropland
754.0,7.922616703741255,49.71444970865228,3,cropland
755.0,9.38058240986723,50.45915307918737,6,cropland
756.0,11.622777359029556,53.244828775242,4,cropland
757.0,7.080895282521254,52.07252732946603,0,cropland
758.0,13.526307446078818,53.327473781381,4,cropland
759.0,12.653144989914637,49.15210434079346,8,cropland
760.0,12.301903713823918,48.09748219723714,8,cropland
761.0,10.56815521547324,52.7615351523857,9,cropland
762.0,6.274208157381935,51.33141722006742,7,cropland
763.0,12.458210573260716,52.32315729373537,4,cropland
764.0,13.304423570901292,53.613138041731006,4,cropland
765.0,11.03797410906776,48.7532523546444,2,cropland
766.0,11.843762918922948,48.47118135543087,8,cropland
767.0,11.338909729247804,53.83142865577205,9,cropland
768.0,11.6066076839154,49.33985223517444,8,cropland
769.0,13.656563162276145,48.633776421856496,8,cropland
770.0,10.205235840688944,53.97426078594705,9,cropland
771.0,8.6107262113768,49.18983358272648,3,cropland
772.0,12.35041273916636,53.43078003905474,4,cropland
773.0,9.751586622208606,48.31846775713054,2,cropland
774.0,9.207207560032174,51.392502659387546,6,cropland
775.0,9.53778758458816,54.71087931892506,9,cropland
776.0,8.28733270909376,52.10307004912609,0,cropland
777.0,12.975640176913544,51.21733117898424,1,cropland
778.0,11.64164197999608,49.66863562916219,8,cropland
779.0,12.414193124338851,52.324953924303614,4,cropland
780.0,9.574618511237048,54.41982516687034,9,cropland
781.0,11.891373628981285,48.85566029703402,8,cropland
782.0,10.808005396333158,53.79190278327079,9,cropland
783.0,14.174891081213104,53.34184682592691,4,cropland
784.0,10.975092039179373,51.245178952791946,5,cropland
785.0,10.66247832030578,48.932017096184175,2,cropland
786.0,10.277101063418511,50.55167955345168,6,cropland
787.0,11.824898297956452,53.79729267497551,4,cropland
788.0,9.90699516636127,52.26386848498348,9,cropland
789.0,13.21279541192112,54.30753575635539,4,cropland
790.0,10.525036081835507,49.60305861342146,2,cropland
791.0,11.020906118669473,51.38172287597811,5,cropland
792.0,11.566183496130035,52.03659471810124,5,cropland
793.0,12.128528863988862,48.44692684275964,8,cropland
794.0,12.408803232634142,52.92772347994781,4,cropland
795.0,12.18781767274075,51.19217835102889,5,cropland
796.0,12.062951848248131,51.33680711177214,5,cropland
797.0,11.481741859422783,53.83142865577205,4,cropland
798.0,8.668218389560451,52.971740928869664,0,cropland
799.0,9.727332109537372,51.83806704031083,6,cropland
800.0,9.45514257844914,53.1298444188747,9,cropland
801.0,9.509939810780452,52.31956403259889,9,cropland
802.0,10.812496972753737,52.76333178295394,9,cropland
803.0,8.978137162581675,51.92161036173395,0,cropland
804.0,11.242789993846998,51.210144656711286,5,cropland
805.0,11.215840535323425,52.17583358713977,5,cropland
806.0,13.117573991804448,51.49850386291365,1,cropland
807.0,12.483363401216051,48.43435042878196,8,cropland
808.0,6.65329720728036,51.13109291170877,7,cropland
809.0,7.85793800328463,53.0561825655769,0,cropland
810.0,12.48516003178429,53.1801500747854,4,cropland
811.0,9.64109384226188,52.200088099811,9,cropland
812.0,11.786270740739296,48.38494308815539,8,cropland
813.0,7.411475307077239,52.66361878641667,0,cropland
814.0,13.677224413810904,51.24068737637135,1,cropland
815.0,12.538160633547363,52.09139195043254,5,cropland
816.0,14.878271948678702,51.29009471699792,1,cropland
817.0,8.663726813139846,54.83394851284943,9,cropland
818.0,13.4014416215862,53.53318798144437,4,cropland
819.0,12.575889875480357,51.44460494586648,5,cropland
820.0,10.911311654006909,52.611516499937736,5,cropland
821.0,10.905921762302173,52.08690037401193,5,cropland
822.0,6.4215318639775205,51.45089315285532,7,cropland
823.0,9.6096528073177,51.91711878531335,6,cropland
824.0,10.4702388495042,48.18641541036497,2,cropland
825.0,11.89586520540189,52.712127811759125,4,cropland
826.0,8.925136560818629,53.7002746242906,9,cropland
827.0,9.499160027371005,48.27984019991341,3,cropland
828.0,7.403390469520161,49.244630815057775,3,cropland
829.0,12.968453654640598,50.947836593748384,1,cropland
830.0,12.429464484168877,48.83499904549927,8,cropland
831.0,8.449927775519399,52.52617654794639,0,cropland
832.0,8.452622721371768,49.87704477507791,6,cropland
833.0,12.715128744518893,53.53498461201261,4,cropland
834.0,12.07912152336226,51.17690699119886,5,cropland
835.0,6.740433789839955,50.614561623340045,7,cropland
836.0,10.930176274973403,49.15479928664582,2,cropland
837.0,8.269366403411397,50.26152371668107,6,cropland
838.0,7.689953045154283,51.73026920621649,0,cropland
839.0,9.035629340765324,48.11275355706717,3,cropland
840.0,12.939707565548789,54.042532747540136,4,cropland
841.0,7.210252683434476,53.63469760854987,0,cropland
842.0,9.28625930503469,48.285230091618125,3,cropland
843.0,10.1791846974495,49.532091705976015,2,cropland
844.0,9.454244263165036,54.45575777823512,9,cropland
845.0,11.167331509980954,51.22361938597308,5,cropland
846.0,12.54265220996794,50.64061276657951,5,cropland
847.0,6.79073944575066,51.867711444686776,7,cropland
848.0,9.05449396173185,52.85945151835472,0,cropland
849.0,11.643438610564315,50.42591541367494,5,cropland
850.0,11.258061353677022,53.64727402252755,9,cropland
851.0,13.021454256403644,52.22164766662986,1,cropland
852.0,10.7684795238319,51.31524754495327,5,cropland
853.0,11.93628939318728,48.39572287156482,8,cropland
854.0,10.610376033826867,53.34723671763163,9,cropland
855.0,12.849876037136823,53.86376800600036,4,cropland
856.0,7.436628135032578,51.96832275650816,0,cropland
857.0,11.64972681755313,52.94029989392549,4,cropland
858.0,9.34644642907068,54.678539968696754,9,cropland
859.0,12.082714784498762,51.30356944625972,5,cropland
860.0,8.083415139598657,52.7480604231239,0,cropland
861.0,13.051098660779587,50.97658268284021,1,cropland
862.0,12.149190115523597,53.137929256431775,4,cropland
863.0,11.815016829831135,51.46436788211711,5,cropland
864.0,12.136613701545912,51.12660133528817,5,cropland
865.0,12.842689514863878,51.361061624443366,1,cropland
866.0,11.795253893580508,53.234048991832566,4,cropland
867.0,8.374469291653355,52.5270748632305,0,cropland
868.0,8.927831506670998,54.42341842800681,9,cropland
869.0,10.729851966614746,51.94586487440517,5,cropland
870.0,10.27350780228204,53.683206633892325,9,cropland
871.0,7.51747651060333,52.02940819582829,0,cropland
872.0,10.18187964330184,51.59642022888268,6,cropland
873.0,12.778010814407253,51.30087450040735,1,cropland
874.0,8.79667747518954,51.61797979570155,6,cropland
875.0,11.628167250734265,51.06641421125216,5,cropland
876.0,12.592059550594511,53.640087500254594,4,cropland
877.0,8.82542356428138,51.06461758068392,6,cropland
878.0,12.192309249161326,51.31345091438503,5,cropland
879.0,10.017487946307966,51.88567775036916,6,cropland
880.0,6.751213573249402,51.35477341745453,7,cropland
881.0,8.43914799210998,47.82439435086481,3,cropland
882.0,11.925509609777832,53.55564586354736,4,cropland
883.0,12.615415747981617,48.81164284811216,8,cropland
884.0,10.977786985031742,48.55741962270634,2,cropland
885.0,14.430910937187178,52.57109231215236,1,cropland
886.0,12.769925976850176,52.50192203527516,4,cropland
887.0,12.42766785360064,52.13451108407027,5,cropland
888.0,10.843938007697943,48.70474332930194,2,cropland
889.0,11.760219597499855,51.80572769008253,5,cropland
890.0,13.935040900353217,51.08617714750279,1,cropland
891.0,11.336214783395434,52.03030651111241,5,cropland
892.0,11.358672665498432,50.43849182765261,5,cropland
893.0,10.99754992128237,51.81920241934432,5,cropland
894.0,9.136240652586736,50.59749363294177,6,cropland
895.0,10.763089632127162,52.36268316623664,5,cropland
896.0,13.204710574364045,53.451441290589486,4,cropland
897.0,11.436826095216816,49.70097497939049,8,cropland
898.0,14.481216593097884,51.72757426036413,1,cropland
899.0,10.271711171713804,49.54107485881721,2,cropland
900.0,8.2244506392054,51.71948942280705,0,cropland
901.0,10.91490491514338,49.36320843256155,2,cropland
902.0,12.998996374300674,54.33897679129958,4,cropland
903.0,8.845186500532009,53.37328786087109,0,cropland
904.0,9.95819913755608,49.63090638722917,6,cropland
905.0,14.01948253706044,53.26728665734499,4,cropland
906.0,11.228416949301078,50.944243332611904,5,cropland
907.0,13.328678083572528,52.243207233448736,1,cropland
908.0,11.64972681755313,51.80123611366193,5,cropland
909.0,8.560420555466095,52.42287029027264,0,cropland
911.0,8.156178677612331,52.50012540470692,0,cropland
912.0,14.146144992121291,53.89431072566042,4,cropland
913.0,12.435752691157717,53.922158499468125,4,cropland
914.0,10.707394084511776,48.0633462164406,2,cropland
915.0,9.441667849187354,54.484503867326936,9,cropland
916.0,10.254643181315515,50.02886005809411,6,cropland
917.0,8.564013816602596,48.9652547616966,3,cropland
918.0,13.06637002060964,53.5619340705362,4,cropland
919.0,11.72698193198741,51.66199724462341,5,cropland
920.0,10.803513819912553,50.91280229766773,5,cropland
921.0,6.698212971486328,51.72398099922765,7,cropland
922.0,9.790214179425732,53.80268256668023,9,cropland
923.0,10.355254493136924,51.563182563370255,5,cropland
924.0,11.889576998413048,51.04934622085389,5,cropland
925.0,9.68061971476314,53.22057426257078,9,cropland
926.0,13.17237122413573,53.435271615475344,4,cropland
927.0,8.753558341551809,48.57269098253637,3,cropland
928.0,7.601918147310585,52.96096114546023,0,cropland
929.0,11.810525253410532,53.78202131514547,4,cropland
930.0,12.677399502585873,51.06910915710452,5,cropland
931.0,11.231111895153449,51.46796114325359,5,cropland
932.0,12.119545711147651,51.48053755723126,5,cropland
933.0,11.182602869810978,53.57181553866151,9,cropland
934.0,9.685111291183745,52.22973250418694,9,cropland
935.0,10.609477718542736,52.95107967733492,9,cropland
936.0,10.979583615599978,51.213737917847766,5,cropland
937.0,12.07013837052108,53.523306513319056,4,cropland
938.0,13.313406723742505,51.31973912137386,1,cropland
939.0,14.553980131111558,51.25506042091726,1,cropland
940.0,6.261631743404251,50.064792669458896,7,cropland
941.0,10.375017429387556,51.96203454951932,5,cropland
942.0,7.76361489845209,52.76512841352218,0,cropland
943.0,11.32363836941775,52.14079929105911,5,cropland
944.0,13.214592042489356,51.94316992855281,1,cropland
945.0,10.680444625988171,52.76872167465865,9,cropland
946.0,14.108415750188271,53.10558990620348,4,cropland
947.0,13.682614305515614,51.40148581222874,1,cropland
948.0,8.986222000138753,48.633776421856496,3,cropland
949.0,13.568528264432445,53.65356222951638,4,cropland
950.0,9.415616705947883,52.232427450039296,0,cropland
951.0,9.903401905224795,52.38514104833962,9,cropland
952.0,11.274231028791178,49.160189178350535,2,cropland
953.0,11.122415745774989,48.53316511003512,2,cropland
954.0,9.30871718713766,51.59911517473504,6,cropland
955.0,13.370898901926154,54.289569450673,4,cropland
956.0,13.17237122413573,51.25955199733786,1,cropland
957.0,11.362265926634905,51.01161697892087,5,cropland
958.0,11.779982533750484,50.72954597970734,5,cropland
959.0,9.14612212071205,52.31956403259889,0,cropland
960.0,11.29758722617828,51.34399363404509,5,cropland
961.0,7.055742454565916,52.08420542815958,0,cropland
962.0,9.900706959372428,51.14816090210704,6,cropland
963.0,9.545872422145235,52.30698761862122,9,cropland
964.0,11.63535377300724,49.167375700623495,8,cropland
965.0,10.383102266944604,50.16450566599616,6,cropland
966.0,8.580183491716724,47.92141240154972,3,cropland
968.0,13.360119118516709,50.681935269649,1,cropland
969.0,9.166783372246783,51.5281482672896,6,cropland
970.0,12.118647395863547,52.21176619850455,5,cropland
971.0,6.185274944254104,51.03946475272858,7,cropland
972.0,11.491623327548098,52.81453575414875,5,cropland
973.0,10.07318349392338,50.080962344573045,6,cropland
974.0,10.27889769398675,50.0926404432666,6,cropland
975.0,7.18869311661561,51.97281433292876,0,cropland
976.0,10.494493362175431,49.63449964836565,2,cropland
977.0,12.230038491094348,48.39662118684895,8,cropland
978.0,11.331723206974829,52.41837871385204,5,cropland
979.0,11.6982358428956,51.36645151614808,5,cropland
980.0,11.952459068301408,48.23851769684391,8,cropland
981.0,12.300107083255682,51.02509170818266,5,cropland
982.0,14.20543380087318,51.54521625768787,1,cropland
983.0,6.524838121651271,49.8303323803037,7,cropland
984.0,8.273857979831973,50.2767950765111,6,cropland
985.0,12.329751487631626,48.96345813112836,8,cropland
986.0,11.005634758839449,53.69218978673352,9,cropland
987.0,11.175416347538032,53.78651289156608,9,cropland
988.0,6.137664234195768,51.73026920621649,7,cropland
989.0,7.712410927257281,51.85872829184558,0,cropland
990.0,9.404836922538465,54.42341842800681,9,cropland
991.0,11.670388069087892,49.03262840800557,8,cropland
992.0,8.311587221764995,52.959164514892,0,cropland
993.0,8.230738846194242,52.44802311822799,0,cropland
994.0,13.861379047055408,51.60091180530328,1,cropland
995.0,12.22195365353727,50.85081854306348,5,cropland
996.0,12.530075795990284,53.55744249411559,4,cropland
997.0,9.187444623781545,53.93832817458227,9,cropland
998.0,8.47058902705416,51.77608328570658,0,cropland
999.0,11.317350162428909,48.13521143917016,2,cropland
1001.0,9.364412734753074,54.030854648846585,9,grassland
1002.0,8.346621517845676,49.88962118905559,6,grassland
1003.0,11.399995168567926,50.94065007147543,5,grassland
1004.0,8.39872380432459,52.50461698112751,0,grassland
1005.0,11.691947635906756,52.98072408171086,4,grassland
1006.0,7.929803226014201,53.34184682592691,0,grassland
1007.0,9.742603469367396,49.72163623092524,6,grassland
1008.0,12.252496373197346,48.85655861231814,8,grassland
1009.0,7.88668409237647,50.24535404156692,7,grassland
1010.0,12.842689514863878,52.52527823266226,4,grassland
1011.0,9.082341735539558,48.37236667417772,3,grassland
1012.0,14.520742465599142,51.78057486212718,1,grassland
1013.0,8.417588425291115,53.46491601985129,0,grassland
1014.0,11.155653411287403,47.64832455517738,2,grassland
1016.0,10.225897092223704,47.909734302856165,2,grassland
1017.0,8.078923563178051,49.76924694098357,3,grassland
1018.0,8.607132950240327,48.405604339690136,3,grassland
1019.0,14.147043307405426,50.889446100280615,1,grassland
1020.0,8.085211770166893,50.57952732725938,7,grassland
1021.0,12.197699140866064,50.16720061184852,8,grassland
1022.0,9.448854371460328,50.99724393437496,6,grassland
1023.0,8.082516824314524,47.78217353251119,3,grassland
1024.0,6.877876028310254,50.43489856651614,7,grassland
1025.0,10.924786383268696,52.45431132521682,5,grassland
1026.0,13.738309853131028,53.10289496035112,4,grassland
1027.0,8.61970936421801,48.15317774485256,3,grassland
1028.0,12.268666048311502,49.550956326942526,8,grassland
1029.0,11.251773146688208,52.69146656022438,5,grassland
1030.0,7.672885054756023,52.13451108407027,0,grassland
1031.0,6.194258097095286,50.08904718213012,7,grassland
1032.0,12.271360994163842,49.256308913751326,8,grassland
1033.0,13.725733439153345,51.47874092666302,1,grassland
1034.0,7.788767726407428,50.91819218937244,7,grassland
1035.0,10.441492760412387,48.34811216150649,2,grassland
1036.0,11.929102870914306,51.20385644972245,5,grassland
1037.0,12.999894689584778,53.00318196381384,4,grassland
1038.0,6.852723200354888,51.95844128838284,7,grassland
1039.0,12.191410933877222,52.0482728167948,5,grassland
1040.0,8.706845946777577,51.14277101040232,6,grassland
1041.0,12.212072185411955,53.79459772912315,4,grassland
1042.0,7.347694921904747,50.51305199623454,7,grassland
1043.0,8.844288185247876,53.7649533247472,9,grassland
1044.0,12.200394086718404,47.73725776830521,8,grassland
1045.0,9.785722603005128,50.0144870135482,6,grassland
1046.0,13.63590191074141,48.596047179923474,8,grassland
1047.0,9.886333914826508,49.10000205431453,2,grassland
1048.0,11.198772544925134,50.79691962601631,5,grassland
1049.0,9.04012091718593,54.665065239434966,9,grassland
1050.0,8.383452444494566,52.618703022210696,0,grassland
1051.0,8.406808641881668,50.54898460759932,6,grassland
1052.0,13.405034882722674,50.981972574544926,1,grassland
1053.0,13.043013823222507,53.002283648529726,4,grassland
1054.0,8.732897090017048,51.44191000001412,6,grassland
1055.0,13.394255099313256,48.772116975610906,8,grassland
1056.0,9.350039690207154,53.93383659816168,9,grassland
1057.0,8.853271338089058,53.32837209666512,0,grassland
1058.0,8.947594442921627,50.09353875855072,6,grassland
1059.0,13.759869419949894,54.043431062824254,4,grassland
1060.0,13.835327903815935,52.023119988839454,1,grassland
1061.0,12.403413340929433,49.69738171825401,8,grassland
1062.0,10.065098656366304,50.6172565691924,6,grassland
1063.0,11.6524217634055,52.54953274533349,5,grassland
1064.0,11.744948237669805,51.80033779837781,5,grassland
1065.0,9.248530063101668,51.9656278106558,0,grassland
1066.0,9.73541694709445,50.81668256226693,6,grassland
1067.0,10.168404914040051,53.9167686077634,9,grassland
1068.0,10.866395889800913,52.63666932789309,9,grassland
1069.0,6.522143175798902,50.83914044436992,7,grassland
1070.0,14.37970696599237,51.52994489785783,1,grassland
1071.0,8.609827896092696,48.99220422022019,3,grassland
1072.0,11.815016829831135,52.34471686055424,5,grassland
1073.0,13.536188914204132,53.38766090541701,4,grassland
1074.0,8.59365822097854,52.7570435759651,0,grassland
1075.0,8.99430683769583,50.146539360313774,6,grassland
1076.0,10.384898897512867,48.86823671101169,2,grassland
1077.0,12.33963295575694,52.20817293736808,5,grassland
1078.0,11.551810451584116,47.95824332819862,8,grassland
1079.0,9.582703348794126,52.42736186669323,9,grassland
1080.0,13.659258108128512,51.46346956683299,1,grassland
1081.0,10.833158224288496,49.76834862569945,2,grassland
1082.0,8.298112492503208,47.97710794916512,3,grassland
1083.0,12.449227420419504,48.36428183662064,8,grassland
1084.0,9.28895425088703,54.36143467340257,9,grassland
1085.0,11.505098056809912,47.942073653084464,2,grassland
1086.0,11.911136565231914,49.87794309036203,8,grassland
1087.0,7.29738926599407,53.57361216922975,0,grassland
1088.0,14.45426713457428,51.88208448923269,1,grassland
1089.0,9.160495165257942,53.49096716309075,9,grassland
1090.0,9.771349558459235,52.40939556101085,9,grassland
1091.0,14.31951984195635,51.848846823720265,1,grassland
1092.0,13.151709972600967,52.592651878971225,4,grassland
1093.0,8.43016483926877,53.15948882325065,0,grassland
1094.0,7.241693718378656,49.44944669983703,7,grassland
1095.0,9.526109485894608,53.13972588700002,9,grassland
1096.0,13.18404932282928,48.35979026020004,8,grassland
1097.0,7.661206956062472,48.13790638502252,3,grassland
1098.0,9.685111291183745,48.07412599985003,2,grassland
1099.0,7.134794199568432,50.55617112987228,7,grassland
1100.0,10.575341737746186,48.53406342531923,2,grassland
1101.0,8.867644382634978,50.05311457076534,6,grassland
1102.0,13.25501623027472,49.0020856883455,8,grassland
1103.0,8.99161189184349,54.24555200175115,9,grassland
1104.0,9.60066965447652,52.971740928869664,9,grassland
1105.0,12.082714784498762,47.62047678136968,8,grassland
1106.0,9.72104390254853,47.70491841807692,2,grassland
1107.0,13.54427375176121,53.91048040077457,4,grassland
1108.0,12.460007203828953,51.36824814671632,5,grassland
1109.0,13.573918156137154,51.67367534331696,1,grassland
1110.0,9.086833311960136,54.54648762193119,9,grassland
1111.0,6.693721395065751,50.10791180309664,7,grassland
1112.0,9.833333313063465,48.75594730049675,2,grassland
1113.0,11.997374832507404,53.21608268615017,4,grassland
1114.0,8.449029460235295,53.362508077461655,0,grassland
1115.0,12.29381887626684,53.869157897705065,4,grassland
1116.0,11.544623929311172,47.73725776830521,8,grassland
1117.0,10.239371821485491,48.63916631356121,2,grassland
1118.0,9.714755695559688,54.72525236347097,9,grassland
1119.0,10.621155817236286,51.75362540360359,5,grassland
1120.0,11.515877840219332,51.61977642626979,5,grassland
1121.0,8.944001181785154,54.72525236347097,9,grassland
1122.0,12.432159430021244,49.70456824052697,8,grassland
1123.0,11.541928983458805,49.15120602550934,8,grassland
1124.0,12.5363640029791,52.61061818465362,4,grassland
1125.0,10.91490491514338,52.2459021793011,5,grassland
1126.0,7.590240048617034,51.60270843587151,7,grassland
1127.0,9.251225008954007,48.62748821486766,3,grassland
1128.0,14.067093247118777,51.66109892933928,1,grassland
1129.0,12.689077601279422,53.58439195263918,4,grassland
1130.0,10.1297773568229,49.73600927547115,6,grassland
1131.0,13.511036086248794,48.71821805856373,8,grassland
1132.0,9.842316465904672,54.31651890919659,9,grassland
1133.0,11.00024486713474,52.8953841297195,9,grassland
1134.0,9.078748474403085,54.859101340804784,9,grassland
1135.0,9.712959064991452,54.15392384277096,9,grassland
1136.0,8.515504791260128,52.81273912358051,0,grassland
1137.0,14.023075798196912,53.58798521377565,4,grassland
1138.0,10.157625130630606,47.604307106255526,2,grassland
1139.0,9.083240050823662,53.43167835433886,9,grassland
1140.0,7.908243659195335,47.77678364080647,3,grassland
1141.0,7.967532467947223,53.5852902679233,0,grassland
1142.0,9.594381447487676,53.362508077461655,9,grassland
1143.0,10.638223807634574,49.17456222289645,2,grassland
1144.0,11.810525253410532,49.77733177854065,8,grassland
1145.0,9.525211170610476,54.498876911872856,9,grassland
1146.0,12.392633557519986,47.93578544609563,8,grassland
1147.0,9.029341133776512,47.80732636046654,3,grassland
1148.0,9.897113698235955,53.15140398569357,9,grassland
1149.0,7.290202743721096,50.48250927657448,7,grassland
1150.0,13.694292404209165,48.65803093452772,8,grassland
1151.0,9.988741857216157,53.34544008706339,9,grassland
1152.0,8.571200338875542,51.2290092776778,6,grassland
1153.0,8.404113696029299,53.37238954558697,0,grassland
1154.0,10.89424366360862,50.49957726697274,5,grassland
1155.0,10.232185299212546,54.1925513999881,9,grassland
1156.0,9.990538487784391,50.285778229352296,6,grassland
1157.0,14.166806243656056,50.96131132301018,1,grassland
1158.0,7.642342335095947,51.57486066206381,7,grassland
1159.0,13.175964485272203,52.53066812436698,4,grassland
1160.0,10.712783976216484,48.84847377476106,2,grassland
1161.0,9.56114378197526,54.46204598522395,9,grassland
1162.0,9.0428158630383,54.418028536302096,9,grassland
1163.0,8.00975328630085,48.23672106627567,3,grassland
1164.0,6.442193115512282,50.54539134646284,7,grassland
1165.0,8.612522841945037,49.105391946019246,3,grassland
1166.0,12.386345350531144,53.49905200064782,4,grassland
1167.0,10.117200942845244,51.059227688979206,6,grassland
1168.0,12.169851367058357,52.33124213129245,5,grassland
1169.0,6.628144379325022,51.69343827956759,7,grassland
1170.0,9.856689510450565,48.84488051362458,2,grassland
1171.0,7.406983730656634,50.70888472817259,7,grassland
1172.0,7.754631745610908,50.95681974658958,7,grassland
1173.0,9.89262212181535,49.53029507540778,2,grassland
1174.0,9.10569793292666,47.69773189580396,3,grassland
1175.0,11.64972681755313,52.74356884670331,4,grassland
1176.0,8.571200338875542,50.452864872198525,6,grassland
1177.0,9.748891676356235,48.72899784197317,2,grassland
1178.0,7.439323080884947,53.6176296181516,0,grassland
1179.0,12.716027059803023,52.21805440549339,4,grassland
1180.0,9.04012091718593,50.41693226083375,6,grassland
1181.0,10.486408524618357,49.15569760192994,2,grassland
1182.0,10.710987345648247,49.18085042988528,2,grassland
1183.0,11.694642581759126,54.01827823486891,4,grassland
1184.0,12.475278563658977,49.32098761420793,8,grassland
1185.0,9.273682891057009,50.55527281458815,6,grassland
1186.0,6.320022236872035,50.62803635260183,7,grassland
1187.0,11.656015024541972,52.51899002567343,5,grassland
1188.0,14.289875437580406,52.39771746231729,1,grassland
1189.0,13.690699143072692,51.79494790667309,1,grassland
1190.0,9.628517428284226,53.465814335135406,9,grassland
1191.0,13.09781105555382,50.734935871412056,1,grassland
1192.0,11.35238445850959,52.42376860555676,5,grassland
1193.0,11.734168454260384,48.77301529089503,8,grassland
1194.0,12.43395606058948,53.276269810186186,4,grassland
1195.0,13.381678685335572,52.36807305794135,1,grassland
1196.0,13.165184701862785,48.92483057391122,8,grassland
1197.0,7.281219590879914,50.98646415096552,7,grassland
1198.0,8.827220194849616,48.27175536235633,3,grassland
1199.0,13.891921766715456,53.55744249411559,4,grassland
1200.0,9.940232831873686,51.07000747238864,6,grassland
1201.0,7.471662431113259,53.579002060934464,0,grassland
1202.0,9.883638968974168,50.48969579884743,6,grassland
1203.0,8.918848353829787,52.81902733056935,0,grassland
1204.0,8.007956655732613,50.79512299544807,7,grassland
1205.0,8.274756295116106,51.27931493358849,6,grassland
1206.0,8.749066765131204,52.82711216812642,0,grassland
1207.0,10.15852344591474,48.729896157257286,2,grassland
1208.0,9.230563757419276,53.24842203637848,9,grassland
1209.0,11.3119602707242,51.47604598081066,5,grassland
1210.0,7.981905512493142,52.45161637936447,0,grassland
1211.0,10.020182892160337,48.61760674674235,2,grassland
1212.0,10.863700943948572,52.55582095232233,5,grassland
1213.0,8.652947029730427,53.33915188007455,0,grassland
1214.0,7.523764717592172,53.04360615159923,0,grassland
1215.0,12.07912152336226,48.9697463381172,8,grassland
1216.0,8.942204551216918,49.88423129735087,6,grassland
1217.0,14.182975918770182,53.67781674218761,4,grassland
1218.0,8.86854269791911,53.05258930444042,0,grassland
1219.0,9.212597451736883,48.02022708280286,3,grassland
1220.0,8.737388666437653,54.77376138881343,9,grassland
1221.0,11.725185301419174,50.16001408957556,5,grassland
1222.0,7.628867605834159,53.152302300977695,0,grassland
1223.0,11.986595049097955,49.84829868598609,8,grassland
1224.0,10.189066165574816,47.8468522329678,2,grassland
1225.0,12.091697937339944,52.82172227642171,4,grassland
1226.0,10.212422362961917,50.45825476390325,6,grassland
1227.0,10.914006599859247,49.88153635149851,2,grassland
1228.0,11.956950644722014,52.78219640392045,4,grassland
1229.0,13.863175677623644,51.60540338172388,1,grassland
1230.0,8.83350840183843,53.34005019535867,0,grassland
1231.0,11.30657037901949,49.16108749363465,2,grassland
1232.0,9.687806237036114,53.48647558667015,9,grassland
1233.0,10.140557140232346,49.09191721675745,2,grassland
1234.0,10.931074590257538,48.89518616953528,2,grassland
1235.0,10.080370016196326,47.882784844332576,2,grassland
1236.0,11.327231630554223,50.11240337951723,5,grassland
1237.0,11.029889271510685,47.71929146262283,2,grassland
1238.0,10.596901304565051,47.74983418228289,2,grassland
1239.0,9.198224407190963,52.89897739085599,9,grassland
1240.0,8.952984334626336,54.78454117222286,9,grassland
1241.0,8.305299014776153,50.58671384953234,6,grassland
1242.0,7.837276751749897,47.88008989848022,3,grassland
1243.0,7.952261108117199,53.34544008706339,0,grassland
1244.0,6.1960547276635225,51.787761384400135,7,grassland
1245.0,12.25069974262911,53.31938894382392,4,grassland
1246.0,7.74924185390617,52.034798087533005,0,grassland
1247.0,9.990538487784391,48.866440080443454,2,grassland
1248.0,11.158348357139772,47.59891721455081,2,grassland
1249.0,7.471662431113259,53.20709953330898,0,grassland
1250.0,8.820931987860774,52.69146656022438,0,grassland
1251.0,11.34070635981604,49.89860434189679,8,grassland
1252.0,8.677201542401633,49.78092503967713,6,grassland
1253.0,8.652947029730427,49.577007470182,3,grassland
1254.0,8.609827896092696,51.136482803413486,6,grassland
1255.0,9.32309023168358,54.19973792226105,9,grassland
1256.0,12.340531271041044,52.81812901528523,4,grassland
1257.0,11.070313459296043,51.61348821928095,5,grassland
1258.0,10.825073386731418,53.45503455172597,9,grassland
1259.0,8.189416343124748,47.651019501029744,3,grassland
1261.0,12.384548719962908,51.11671986716286,5,grassland
1262.0,8.677201542401633,48.49813081395445,3,grassland
1263.0,6.32720875914498,51.83447377917435,7,grassland
1264.0,6.618262911199707,49.373089900686864,7,grassland
1265.0,7.922616703741255,53.5026452617843,0,grassland
1266.0,9.785722603005128,50.26152371668107,6,grassland
1267.0,7.997176872323166,49.074849226359184,3,grassland
1268.0,12.890300224922214,48.78738833544094,8,grassland
1269.0,8.905373624568,51.49221565592482,6,grassland
1270.0,11.353282773793694,51.810219266503125,5,grassland
1271.0,12.384548719962908,48.62748821486766,8,grassland
1272.0,7.618087822424741,52.56929568158412,0,grassland
1273.0,7.900158821638257,47.89985283473085,3,grassland
1274.0,7.462679278272049,51.42214706376349,7,grassland
1275.0,10.839446431277338,50.78524152732275,5,grassland
1276.0,13.170574593567494,51.82728725690139,1,grassland
1277.0,9.248530063101668,50.87686968630294,6,grassland
1278.0,10.04982729653628,47.87559832205962,2,grassland
1279.0,10.268117910577333,49.73421264490291,2,grassland
1280.0,7.655817064357762,53.48467895610192,0,grassland
1281.0,7.615392876572372,50.74841060067385,7,grassland
1282.0,9.179359786224468,47.83876739541072,3,grassland
1283.0,6.215817663914152,51.76350687172891,7,grassland
1284.0,7.353983128893589,52.781298088636326,0,grassland
1285.0,6.800620913875974,52.637567643177206,0,grassland
1286.0,10.325610088760982,50.3315923088424,6,grassland
1287.0,9.624924167147752,54.14314405936152,9,grassland
1288.0,9.61773764487478,53.609544780594526,9,grassland
1289.0,7.444712972589656,50.8059027788575,7,grassland
1290.0,8.892797210590345,53.760461748326605,9,grassland
1291.0,11.70721899573678,49.8581801541114,8,grassland
1292.0,8.908966885704473,53.53228966616025,9,grassland
1293.0,10.160320076482977,54.197042976408696,9,grassland
1294.0,6.80780743614892,49.73870422132351,7,grassland
1295.0,9.94741935414666,49.20420662727239,2,grassland
1296.0,7.87231104783055,47.66718917614389,3,grassland
1297.0,9.994131748920864,53.016656693075646,9,grassland
1298.0,10.300457260805617,50.58312058839586,6,grassland
1299.0,6.52753306750364,50.946938278464266,7,grassland
1300.0,13.800293607735284,53.98144730822001,4,grassland
1301.0,9.932147994316608,48.436147059350205,2,grassland
1302.0,7.573172058218745,51.26045031262198,7,grassland
1303.0,7.448306233726129,52.25758027799465,0,grassland
1304.0,6.830265318251918,50.72864766442322,7,grassland
1305.0,7.307270734119385,53.23315067654845,0,grassland
1306.0,8.472385657622397,52.57558388857296,0,grassland
1307.0,13.931447639216714,53.083132024100486,4,grassland
1308.0,13.796700346598811,50.95502311602134,1,grassland
1309.0,13.857785785918937,51.03946475272858,1,grassland
1310.0,12.526482534853784,49.186240321590006,8,grassland
1311.0,9.623127536579489,48.64365788998181,2,grassland
1312.0,9.541380845724632,54.700099535515626,9,grassland
1313.0,7.894768929933548,53.48647558667015,0,grassland
1314.0,8.475080603474765,52.82172227642171,0,grassland
1315.0,13.711360394607452,54.089245142314354,4,grassland
1316.0,12.686382655427082,48.48824934582913,8,grassland
1317.0,13.84161611080478,52.08420542815958,1,grassland
1318.0,13.525409130794714,53.03372468347391,4,grassland
1319.0,6.548194319038373,51.427536955468206,7,grassland
1320.0,12.767231030997834,52.74985705369215,4,grassland
1321.0,6.725162430009931,49.78721324666597,7,grassland
1322.0,9.717450641412055,50.6172565691924,6,grassland
1323.0,10.77117446968424,52.34292022998601,5,grassland
1324.0,8.300807438355577,49.36231011727743,3,grassland
1325.0,9.130850760881998,54.75040519142632,9,grassland
1326.0,11.283214181632388,53.34364345649514,9,grassland
1327.0,9.682416345331404,52.548634430049376,9,grassland
1328.0,10.635528861782204,47.82169940501245,2,grassland
1329.0,11.008329704691818,50.27949002236346,5,grassland
1330.0,13.270287590104772,50.77985163561804,1,grassland
1331.0,6.708094439611642,51.79943948309369,7,grassland
1332.0,12.661229827471717,48.08939735968006,8,grassland
1333.0,11.473657021865703,52.623194598631294,5,grassland
1334.0,12.85706255940977,51.996170530315865,1,grassland
1335.0,7.866022840841708,49.85907846939553,7,grassland
1336.0,8.712235838482314,52.568397366300005,0,grassland
1337.0,7.592934994469374,53.65086728366403,0,grassland
1338.0,12.775315868554912,47.89356462774201,8,grassland
1339.0,9.659958463228406,48.9329154114683,2,grassland
1340.0,11.33262152225896,52.68697498380378,5,grassland
1341.0,8.70774426206171,53.748783649633054,9,grassland
1342.0,12.922639575150498,52.52527823266226,4,grassland
1343.0,11.388317069874375,53.84849664617032,9,grassland
1344.0,7.761818267883854,50.15192925201849,7,grassland
1345.0,14.482114908381988,51.05653274312685,1,grassland
1346.0,6.597601659664946,50.565154282713465,7,grassland
1347.0,6.837451840524864,50.35315187566126,7,grassland
1348.0,11.073906720432518,51.563182563370255,5,grassland
1349.0,11.42963957294387,52.672601939257866,5,grassland
1350.0,12.43126111473714,50.739427447832654,5,grassland
1351.0,10.0183862615921,49.5078371933048,2,grassland
1352.0,9.05449396173185,48.22234802172976,3,grassland
1353.0,13.078946434587294,53.99312540691356,4,grassland
1354.0,8.683489749390475,54.851914818531824,9,grassland
1355.0,14.181179288201946,53.14960735512533,4,grassland
1356.0,8.33045184273152,50.951429854884864,6,grassland
1357.0,13.02325088697188,50.84453033607464,1,grassland
1358.0,7.425848351623159,53.48018737968131,0,grassland
1359.0,14.11380564189298,51.910830578324514,1,grassland
1360.0,10.52773102768785,54.3353835301631,9,grassland
1361.0,11.12061911520675,51.34758689518157,5,grassland
1362.0,9.834231628347595,51.91891541588159,6,grassland
1363.0,12.603737649288064,49.06945933465447,8,grassland
1364.0,7.951362792833066,53.60774815002629,0,grassland
1365.0,9.770451243175104,48.15856763655727,2,grassland
1366.0,9.379684094583098,54.68123491454912,9,grassland
1367.0,7.80942897794219,51.68535344201051,0,grassland
1368.0,9.57551682652118,53.53228966616025,9,grassland
1369.0,12.884012017933372,47.52525536125301,8,grassland
1370.0,7.22013415155979,49.22396956352302,3,grassland
1371.0,12.796875435373778,52.95197799261904,4,grassland
1372.0,12.037799020292766,47.855835385808994,8,grassland
1373.0,12.208478924275482,50.86429327232527,5,grassland
1374.0,8.208280964091244,51.21733117898424,7,grassland
1375.0,10.600494565701553,48.31397618070995,2,grassland
1376.0,9.25751321594285,52.70044971306557,9,grassland
1377.0,8.156178677612331,47.63754477176795,3,grassland
1378.0,9.930351363748372,49.69558508768577,6,grassland
1379.0,10.4738321106407,48.958068239423646,2,grassland
1380.0,7.063827292122994,52.53785464663994,0,grassland
1381.0,13.98804150211626,52.57917714970944,1,grassland
1382.0,8.090601661871602,48.79098159657741,3,grassland
1383.0,9.205410929463936,54.01737991958479,9,grassland
1384.0,7.051250878145311,52.468684369762734,0,grassland
1385.0,8.723015621891733,48.8089479022598,3,grassland
1386.0,10.219608885234862,51.22092444012072,6,grassland
1387.0,7.596528255605875,53.63918918497047,0,grassland
1388.0,7.558799013672854,47.685155481826285,3,grassland
1389.0,7.801344140385112,53.465814335135406,0,grassland
1390.0,11.036177478499496,51.55869098694966,5,grassland
1391.0,11.104449440092594,53.26010013507204,9,grassland
1392.0,12.55163536280915,54.3677228803914,4,grassland
1393.0,7.541731023274565,53.318490628539806,0,grassland
1394.0,12.145596854387122,52.1129515172514,5,grassland
1395.0,7.791462672259797,50.48161096129035,7,grassland
1396.0,7.610901300151767,52.30069941163238,0,grassland
1397.0,13.734716591994555,51.99167895389527,1,grassland
1398.0,8.771524647234202,53.34993166348399,0,grassland
1399.0,8.481368810463579,49.31200446136673,3,grassland
1400.0,7.963040891526617,53.5161199910461,0,grassland
1401.0,8.514606475976024,51.52994489785783,0,grassland
1402.0,10.592409728144474,49.005678949481975,2,grassland
1403.0,10.856514421675598,53.86017474486387,9,grassland
1404.0,13.626020442616095,48.93650867260477,8,grassland
1405.0,8.09868649942868,50.49598400583626,7,grassland
1406.0,6.340683488406768,49.94890999780748,7,grassland
1407.0,11.757524651647486,50.126776424063145,5,grassland
1408.0,9.621330906011252,48.54753815458102,2,grassland
1409.0,11.196975914356898,50.84093707493816,5,grassland
1410.0,12.590262920026277,48.564606144979294,8,grassland
1411.0,12.384548719962908,54.06768557549548,4,grassland
1412.0,13.679919359663272,53.93922648986639,4,grassland
1413.0,8.960170856899282,53.21608268615017,9,grassland
1414.0,14.14524667683716,53.50084863121607,4,grassland
1415.0,9.30332729543295,51.76350687172891,6,grassland
1416.0,7.490527052079756,52.232427450039296,0,grassland
1417.0,10.330999980465691,53.38945753598525,9,grassland
1418.0,10.117200942845244,54.16829688731687,9,grassland
1419.0,8.455317667224136,50.66037570283014,6,grassland
1420.0,10.49090010103896,51.38531613711459,5,grassland
1421.0,12.177037889331302,51.36914646200044,5,grassland
1422.0,9.124562553893156,54.700099535515626,9,grassland
1423.0,12.027917552167452,48.432553798213725,8,grassland
1424.0,8.66193018257161,50.239065834578085,6,grassland
1425.0,11.57247170311885,52.92592684937957,4,grassland
1426.0,10.260033073020251,51.9701193870764,5,grassland
1427.0,9.32039528583121,53.97515910123117,9,grassland
1428.0,10.327406719329218,53.46671265041952,9,grassland
1429.0,7.647732226800684,50.71696956572967,7,grassland
1430.0,13.397848360449728,51.71859110752293,1,grassland
1431.0,8.483165441031844,48.35799362963181,3,grassland
1432.0,7.489628736795652,50.831953922096965,7,grassland
1433.0,8.05826231164329,51.31434922966915,7,grassland
1434.0,6.416141972272811,50.433101935947896,7,grassland
1435.0,11.92730624034607,50.10881011838075,8,grassland
1436.0,12.83729962315914,51.202958134438326,1,grassland
1437.0,9.34644642907068,48.02382034393934,3,grassland
1438.0,9.640195526977775,48.40201107855366,2,grassland
1439.0,7.561493959525194,53.241235514105526,0,grassland
1440.0,10.002216586477942,49.14042624209991,2,grassland
1441.0,9.789315864141628,51.07090578767276,6,grassland
1442.0,7.919921757888886,51.47963924194714,0,grassland
1443.0,9.311412132990029,51.241585691655466,6,grassland
1444.0,8.821830303144878,54.31741722448071,9,grassland
1445.0,11.73866003068099,52.239613972312256,5,grassland
1446.0,11.590438008801245,53.43167835433886,4,grassland
1447.0,8.171450037442355,49.50065067103184,3,grassland
1448.0,7.253371817072207,50.151030936734365,7,grassland
1449.0,9.458735839585644,54.3353835301631,9,grassland
1450.0,13.147218396180392,51.60899664286036,1,grassland
1451.0,9.633009004704803,50.96759952999901,6,grassland
1452.0,14.305146797410458,52.08600205872781,1,grassland
1453.0,10.735241858319483,47.84595391768368,2,grassland
1454.0,8.371774345801015,53.3553215551887,0,grassland
1455.0,12.239021643935558,49.477294473644726,8,grassland
1456.0,10.688529463545253,48.095685566668905,2,grassland
1457.0,7.481543899238574,53.18374333592188,0,grassland
1458.0,13.69878398062977,51.210144656711286,1,grassland
1459.0,8.530776151090151,51.38262119126223,6,grassland
1460.0,10.790039090650763,52.88460434631007,9,grassland
1461.0,10.993058344861764,50.30733779617117,5,grassland
1462.0,14.14524667683716,52.71661938817972,1,grassland
1463.0,14.701303837707144,51.96203454951932,1,grassland
1464.0,10.808005396333158,52.88999423801479,9,grassland
1465.0,9.21439408230512,50.45735644861912,6,grassland
1466.0,6.233783969596544,51.01700687062559,7,grassland
1467.0,8.397825489040486,52.94299483977784,0,grassland
1468.0,11.056838730034258,53.8152589806579,9,grassland
1469.0,14.151534883826002,51.00982034835263,1,grassland
1470.0,10.789140775366633,49.9776560868993,2,grassland
1471.0,8.524487944101338,51.88208448923269,0,grassland
1472.0,9.338361591513603,53.17026860666008,9,grassland
1473.0,13.77873404091642,51.242484006939584,1,grassland
1474.0,12.269564363595606,52.63666932789309,4,grassland
1475.0,14.278197338886857,52.11025657139905,1,grassland
1476.0,11.713507202725625,52.850468365513535,4,grassland
1477.0,14.407554739800077,52.66811036283727,1,grassland
1478.0,11.116127538786143,47.71030830978163,2,grassland
1479.0,11.54103066817467,47.80373309933006,8,grassland
1480.0,12.196800825581931,52.10396836441021,5,grassland
1481.0,10.175591436313,47.600713845119046,2,grassland
1483.0,10.106421159435795,47.80283478404594,2,grassland
1484.0,10.257338127167884,53.70656283127944,9,grassland
1485.0,9.361717788900734,48.90955921408119,3,grassland
1486.0,10.080370016196326,50.57413743555466,6,grassland
1487.0,11.14307699730972,49.71894128507288,2,grassland
1488.0,10.570850161325607,48.9329154114683,2,grassland
1489.0,7.676478315892496,53.67422348105113,0,grassland
1490.0,12.786993967248463,52.64295753488192,4,grassland
1491.0,12.392633557519986,52.645652480734284,4,grassland
1492.0,12.32795485706339,53.65176559894815,4,grassland
1493.0,12.261479526038528,53.19721806518366,4,grassland
1495.0,14.721965089241904,50.93346354920247,1,grassland
1496.0,10.574443422462082,48.3993161327013,2,grassland
1497.0,10.060607079945695,47.70402010279279,2,grassland
1498.0,12.000069778359745,50.939751756191306,5,grassland
1499.0,11.846457864775315,50.58222227311174,5,grassland
1500.0,7.4429163420214195,50.43849182765261,7,other
1501.0,8.184026451420038,49.54017654353309,3,other
1502.0,12.275852570584448,49.9731645104787,8,other
1503.0,9.78123102658455,52.08600205872781,9,other
1504.0,13.673631152674432,51.09695693091223,1,other
1505.0,9.848604672893517,49.74858568944882,6,other
1506.0,10.410051725468207,53.39664405825821,9,other
1507.0,9.852197934029988,52.23781734174402,9,other
1508.0,10.222303831087231,53.86825958242095,9,other
1509.0,8.600844743251486,49.12245993641751,3,other
1510.0,11.933594447334912,48.37595993531419,8,other
1511.0,8.5190980523966,52.05725596963599,0,other
1512.0,8.740981927574126,48.714624797427255,3,other
1513.0,12.023425975746877,52.819925645853466,4,other
1514.0,13.2864572652189,48.541249947592185,8,other
1515.0,7.839971697602266,47.65730770801858,3,other
1516.0,9.279072782761716,50.17977702582619,6,other
1518.0,12.980131753334147,48.26007726366277,8,other
1519.0,14.384198542412976,51.77069339400187,1,other
1521.0,7.26594823104989,51.27931493358849,7,other
1522.0,13.529002391931186,51.50389375461837,1,other
1523.0,12.631585423095771,53.70566451599532,4,other
1524.0,8.435554730973507,49.47639615836061,3,other
1525.0,12.94060588083289,52.35459832867956,4,other
1526.0,6.779061347057109,49.37398821597098,7,other
1527.0,12.752857986451914,48.2475008496851,8,other
1528.0,11.527555938912885,53.29423611586857,4,other
1529.0,10.919396491563958,50.01358869826408,2,other
1530.0,12.062951848248131,51.07180410295688,5,other
1531.0,8.108567967553995,49.837518902576655,3,other
1532.0,9.208105875316278,48.52957184889864,3,other
1533.0,10.369627537682817,52.468684369762734,9,other
1534.0,13.928752693364371,53.87185284355743,4,other
1535.0,9.41202344481141,48.81523610924864,3,other
1536.0,9.71565401084382,50.86608990289351,6,other
1537.0,10.935566166678116,53.601459943037455,9,other
1538.0,7.720495764814359,52.37346294964607,0,other
1539.0,10.74871658758127,53.72812239809831,9,other
1540.0,8.303502384207917,48.90955921408119,3,other
1541.0,13.523612500226475,52.66811036283727,4,other
1542.0,12.120444026431784,51.15175416324352,5,other
1543.0,7.710614296689044,52.16056222730974,0,other
1544.0,9.13444402201847,51.60540338172388,6,other
1545.0,8.680794803538134,49.00478063419786,3,other
1546.0,11.98479841852972,51.35028184103393,5,other
1547.0,10.837649800709102,48.12173670990837,2,other
1548.0,7.894768929933548,49.852790262406685,7,other
1549.0,9.899808644088324,53.593375105480376,9,other
1550.0,10.514256298426062,53.53228966616025,9,other
1551.0,8.905373624568,47.97890457973337,3,other
1552.0,8.806558943314855,50.23816751929396,6,other
1553.0,12.804960272930856,50.90741240596301,1,other
1554.0,7.550714176115775,51.75182877303536,0,other
1555.0,7.141980721841378,51.87759291281209,7,other
1556.0,9.688704552320218,54.52133479397584,9,other
1557.0,13.872158830464826,53.20889616387722,4,other
1558.0,10.466645588367726,51.62606463325862,5,other
1559.0,7.897463875785888,47.65281613159798,3,other
1560.0,10.614867610247444,54.1332625912362,9,other
1561.0,12.57678819076449,51.58653876075736,5,other
1562.0,8.732897090017048,51.90184742548332,0,other
1563.0,13.820954859270016,51.06012600426333,1,other
1564.0,11.251773146688208,49.48897257233829,2,other
1565.0,14.152433199110137,51.51826679916428,1,other
1566.0,10.745123326444798,52.67529688511023,9,other
1567.0,8.526284574669575,51.54162299655139,0,other
1568.0,14.44258903588073,51.52006342973252,1,other
1569.0,9.133545706734369,53.99312540691356,9,other
1570.0,12.585771343605671,52.13181613821792,4,other
1571.0,7.725885656519068,48.19180530206969,3,other
1572.0,9.4982617120869,47.806428045182415,3,other
1573.0,9.454244263165036,48.04717654132645,3,other
1574.0,7.617189507140608,52.35729327453191,0,other
1575.0,14.1048224890518,51.4868257642201,1,other
1576.0,9.244936801965196,47.68335885125804,3,other
1577.0,10.1297773568229,50.06209772360653,6,other
1578.0,10.692122724681724,48.659827565095966,2,other
1579.0,6.121494559081611,51.76530350229715,7,other
1580.0,7.356678074745957,52.53066812436698,0,other
1581.0,12.6513483593464,48.390332979860105,8,other
1582.0,10.674156418999331,50.59390037180529,5,other
1583.0,6.565262309436662,50.99185404267024,7,other
1584.0,7.590240048617034,50.31182937259176,7,other
1586.0,14.149738253257766,51.511978592175446,1,other
1587.0,12.26776773302737,52.599838401244185,4,other
1588.0,7.064725607407098,50.77715668976568,7,other
1589.0,9.987843541932024,52.03120482639653,9,other
1590.0,9.979758704374945,51.47065608910594,6,other
1591.0,12.275852570584448,51.48413081836774,5,other
1592.0,6.985673862404582,51.05024453613801,7,other
1593.0,8.789490952916594,48.99040758965194,3,other
1594.0,10.719072183205329,48.85566029703402,2,other
1595.0,7.489628736795652,49.40273430506281,3,other
1596.0,13.692495773640928,52.82711216812642,4,other
1598.0,12.610924171561038,47.69413863466748,8,other
1599.0,11.368554133623746,51.1373811186976,5,other
1600.0,11.702727419316204,48.6247932690153,8,other
1601.0,10.177388066881235,50.06389435417478,6,other
1602.0,11.78716905602343,51.10683839903754,5,other
1603.0,7.601918147310585,50.382796280037205,7,other
1604.0,12.524685904285548,48.65084441225477,8,other
1605.0,8.358299616539227,49.02005199402789,3,other
1606.0,7.60910466958353,47.63305319534735,3,other
1607.0,10.036352567274491,48.40470602440602,2,other
1608.0,8.377164237505724,49.89680771132854,6,other
1609.0,9.61773764487478,52.85585825721824,9,other
1611.0,10.905921762302173,48.31756944184642,2,other
1612.0,9.164088426394414,51.52006342973252,6,other
1613.0,8.860457860362033,47.76061396569232,3,other
1614.0,13.696987350061534,51.11671986716286,1,other
1615.0,13.060081813620798,48.43524874406608,8,other
1616.0,13.837124534384174,52.49563382828632,1,other
1617.0,11.469165445445128,53.7326139745189,4,other
1618.0,13.403238252154438,52.08330711287546,1,other
1619.0,12.569601668491543,51.35028184103393,5,other
1620.0,8.90267867871566,51.961136234235205,0,other
1621.0,8.609827896092696,53.06247077256574,0,other
1622.0,6.407158819431629,51.78237149269542,7,other
1623.0,9.96448734454492,49.72522949206172,6,other
1624.0,7.155455451103165,49.64707606234332,7,other
1625.0,12.46809204138603,47.72647798489578,8,other
1626.0,7.269541492186363,51.992577269179385,0,other
1627.0,8.419385055859351,52.008746944293534,0,other
1628.0,8.505623323134813,49.403632620346926,3,other
1629.0,7.185998170763241,51.09336366977575,7,other
1630.0,9.187444623781545,52.10396836441021,0,other
1631.0,11.95874727529025,49.18803695215824,8,other
1632.0,13.228066771751145,52.684280037951424,4,other
1633.0,9.22068228929396,48.78559170487269,3,other
1634.0,12.52558421956968,48.24929748025334,8,other
1635.0,10.601392880985657,48.2609755789469,2,other
1636.0,10.622952447804522,47.813614567455375,2,other
1637.0,8.411300218302273,50.54269640061048,6,other
1638.0,8.300807438355577,49.48268436534944,3,other
1639.0,13.093319479133214,54.30933238692363,4,other
1640.0,7.350389867757116,51.42484200961585,7,other
1641.0,9.501854973223374,47.604307106255526,3,other
1642.0,13.378983739483232,51.42663864018409,1,other
1643.0,13.224473510614672,53.92485344532048,4,other
1644.0,7.269541492186363,50.56066270629288,7,other
1645.0,14.689625739013591,51.31075596853267,1,other
1646.0,7.530951239865146,50.96580289943078,7,other
1647.0,9.697687705161428,54.31112901749187,9,other
1648.0,9.688704552320218,54.49438533545225,9,other
1649.0,8.640370615752744,50.08365729042541,6,other
1650.0,11.468267130160996,52.88550266159419,4,other
1651.0,11.467368814876892,48.68048881663072,8,other
1652.0,11.305672063735358,48.281636830481645,2,other
1653.0,13.248728023285878,54.48899544374754,4,other
1654.0,12.404311656213537,48.98232275209487,8,other
1655.0,13.45264559278101,52.507311926979874,1,other
1656.0,8.795779159905436,49.33086908233325,3,other
1657.0,14.050025256720517,52.25668196271053,1,other
1658.0,14.209925377293786,52.45880290163742,1,other
1659.0,9.184749677929176,50.55167955345168,6,other
1660.0,9.083240050823662,54.19614466112458,9,other
1661.0,12.743874833610732,53.41640699450883,4,other
1662.0,7.812123923794559,48.258280633094536,3,other
1663.0,12.434854375873613,51.35028184103393,5,other
1664.0,9.07156195213011,49.07395091107506,3,other
1665.0,12.755552932304283,50.72235945743439,1,other
1666.0,12.967555339356494,50.831953922096965,1,other
1667.0,12.027019236883348,53.470305911556,4,other
1668.0,9.032036079628853,47.7228847237593,3,other
1669.0,11.858135963468868,47.72557966961166,8,other
1670.0,13.316999984878976,52.37795452606666,1,other
1671.0,12.636076999516376,52.36447979680487,4,other
1672.0,12.45371899684011,53.26908328791323,4,other
1674.0,11.12331406105909,52.85675657250236,9,other
1675.0,12.221055338253166,53.91407366191105,4,other
1676.0,6.6586870989850695,51.380824560694,7,other
1677.0,10.042640774263331,49.980351032751656,6,other
1678.0,12.725010212644207,48.60592864804879,8,other
1679.0,7.236303826673947,50.8059027788575,7,other
1680.0,13.688902512504455,52.52797317851462,1,other
1681.0,7.272236438038703,50.4052541621402,7,other
1682.0,10.052522242388648,48.258280633094536,2,other
1683.0,11.805135361705824,52.44173491123915,5,other
1684.0,12.735789996053654,54.09283840345083,4,other
1685.0,11.647930186984894,48.17024573525082,8,other
1686.0,10.504374830300748,48.52957184889864,2,other
1687.0,9.13174907616613,53.972464155378816,9,other
1688.0,11.549115505731748,50.681935269649,5,other
1689.0,12.463600464965424,47.9250056626862,8,other
1690.0,11.461978923172154,48.181025518660256,2,other
1691.0,12.291123930414471,52.26836006140408,5,other
1692.0,10.665173266158147,49.65336426933215,2,other
1693.0,7.854344742148157,53.35442323990458,0,other
1694.0,6.834756894672495,49.49166751819064,7,other
1695.0,12.762739454577227,51.3628582550116,1,other
1696.0,7.767208159588563,51.666488821044,0,other
1697.0,12.444735843998927,48.86913502629581,8,other
1698.0,6.647009000291519,51.45179146813943,7,other
1699.0,9.636602265841304,49.81506102047367,6,other
1700.0,6.180783367833499,50.83734381380168,7,other
1701.0,13.027742463392483,48.764930453337946,8,other
1702.0,13.44456075522396,52.6052282929489,4,other
1703.0,11.459283977319814,53.91317534662693,4,other
1704.0,6.447583007216991,50.828360660960485,7,other
1705.0,10.795428982355476,53.810767404237296,9,other
1706.0,7.617189507140608,49.73960253660763,7,other
1707.0,6.846434993366074,51.51826679916428,7,other
1708.0,11.684761113633812,51.27392504188377,5,other
1709.0,8.154382047044095,53.40383058053116,0,other
1710.0,12.980131753334147,53.8799376811145,4,other
1711.0,12.168953051774224,49.81146775933719,8,other
1712.0,7.662105271346576,51.61618316513331,7,other
1713.0,9.175766525087994,48.8224226315216,3,other
1714.0,11.747643183522172,52.13900266049088,5,other
1715.0,6.819485534842471,51.23529748466663,7,other
1716.0,11.06043199117073,52.978927451142624,9,other
1717.0,13.838022849668306,53.87814105054626,4,other
1719.0,8.176839929147064,49.84650205541785,3,other
1720.0,10.3822039516605,49.984842609172254,6,other
1721.0,8.891898895306213,48.05076980246293,3,other
1722.0,9.490176874529825,52.30788593390534,9,other
1723.0,12.042290596713372,54.14314405936152,4,other
1724.0,9.929453048464268,54.340773421867816,9,other
1725.0,9.030239449060616,47.75432575870349,3,other
1726.0,10.566358584905004,51.30446776154383,5,other
1727.0,9.893520437099482,53.91048040077457,9,other
1728.0,7.697139567427257,48.1459912225796,3,other
1729.0,7.999871818175535,53.19721806518366,0,other
1730.0,12.082714784498762,50.9532264854531,5,other
1731.0,9.598873023908284,51.85603334599322,6,other
1732.0,11.01461791168063,49.32368256006029,2,other
1733.0,8.636777354616271,53.06965729483869,0,other
1734.0,10.379509005808131,47.39499964505568,2,other
1735.0,14.21082369257789,51.55869098694966,1,other
1736.0,11.814118514547005,48.73259110310964,8,other
1737.0,8.572098654159674,49.02723851630085,3,other
1738.0,12.620805639686353,51.845253562583785,5,other
1739.0,8.929628137239234,48.8960844848194,3,other
1740.0,11.31824847771304,47.57196775602722,2,other
1741.0,8.628692517059193,52.32315729373537,0,other
1742.0,9.38956556270844,52.09678184213725,0,other
1743.0,9.99862332534147,49.7935014536548,6,other
1744.0,11.99018831023443,50.65318918055719,5,other
1745.0,10.727157020762403,52.25488533214229,5,other
1746.0,6.7476203121129,51.21643286370012,7,other
1747.0,12.124037287568257,48.99130590493607,8,other
1748.0,12.31358181251747,48.57179266725225,8,other
1749.0,10.52773102768785,48.960763185276,2,other
1750.0,8.633184093479798,53.06426740313398,0,other
1751.0,10.500781569164277,52.25398701685817,5,other
1752.0,7.387220794406005,49.237444292784815,3,other
1753.0,10.758598055706583,49.926452115704485,2,other
1754.0,11.56708181141414,48.29241661389108,8,other
1755.0,9.90699516636127,51.66738713632813,6,other
1756.0,8.907170255136236,53.06247077256574,0,other
1757.0,6.91650358552738,51.544317942403744,7,other
1758.0,9.797400701698676,48.103770404225976,2,other
1759.0,7.02519973490584,52.08330711287546,0,other
1760.0,8.62779420177506,49.3703949548345,3,other
1761.0,11.73596508482862,49.79889134535952,8,other
1762.0,6.598499974949078,51.51108027689133,7,other
1763.0,14.50906436690559,51.32602732836271,1,other
1764.0,12.212072185411955,51.41675717205877,5,other
1765.0,6.666771936542148,51.46257125154887,7,other
1766.0,13.011572788278327,48.39572287156482,8,other
1767.0,12.895690116626923,53.82154718764673,4,other
1768.0,12.161766529501278,51.114024921310495,5,other
1769.0,9.164088426394414,49.244630815057775,3,other
1770.0,7.272236438038703,52.35908990510015,0,other
1771.0,8.44184293796232,49.02544188573261,3,other
1772.0,10.799022243491947,52.49293888243396,5,other
1773.0,13.79580203131468,51.48053755723126,1,other
1774.0,6.94794462047156,51.13558448812937,7,other
1775.0,8.019634754426164,48.49363923753385,3,other
1776.0,6.554482526027215,51.589233706609726,7,other
1777.0,14.645608290091758,51.08617714750279,1,other
1778.0,11.694642581759126,51.77787991627482,5,other
1779.0,13.799395292451152,51.15265247852764,1,other
1780.0,7.953159423401303,52.30249604220062,0,other
1781.0,13.48408662772522,48.60592864804879,8,other
1782.0,14.034753896890464,53.0238432153486,4,other
1783.0,7.053047508713547,51.32153575194211,7,other
1784.0,7.832785175329292,48.53586005588747,3,other
1785.0,12.229140175810244,49.33715728932208,8,other
1786.0,8.876627535476189,52.015035151282376,0,other
1787.0,8.006160025164377,52.89089255329891,0,other
1788.0,8.544250880351967,48.261873894231016,3,other
1789.0,8.348418148413913,50.45466150276677,6,other
1791.0,7.883989146524101,48.46040157202143,3,other
1792.0,7.931599856582437,52.38244610248727,0,other
1793.0,11.639845349427816,50.87776800158706,5,other
1794.0,13.140031873907418,51.2847048252932,1,other
1795.0,11.597624531074215,50.10342022667604,5,other
1796.0,6.462854367047015,51.20744971085893,7,other
1797.0,7.68635978401781,49.61024513569442,3,other
1798.0,9.438972903335014,52.162358857877976,0,other
1799.0,7.779784573566246,48.3301458558241,3,other
1800.0,10.552883855643216,52.483955729592765,9,other
1801.0,11.33801141396367,48.45770662616907,2,other
1802.0,8.63947230046864,50.52652672549633,6,other
1803.0,13.200218997943438,52.50641361169576,4,other
1804.0,12.54265220996794,48.96166150056012,8,other
1805.0,12.039595650861004,52.75165368426038,4,other
1806.0,9.734518631810316,52.54504116891289,9,other
1807.0,7.998973502891403,50.827462345676366,7,other
1808.0,10.44508602154886,49.68211035842398,2,other
1809.0,10.728953651330642,51.88118617394857,5,other
1810.0,7.830090229476951,48.335535747528816,3,other
1811.0,7.383627533269532,53.20889616387722,0,other
1812.0,6.2077328263570735,51.094261985059866,7,other
1813.0,9.227868811566909,47.71659651677047,3,other
1814.0,10.177388066881235,50.8148859316987,6,other
1815.0,7.03957277945176,49.25451228318309,7,other
1816.0,14.11380564189298,53.54576439542204,4,other
1817.0,7.16533691922848,49.27966511113844,3,other
1818.0,8.848779761668482,49.94890999780748,6,other
1819.0,8.57928517643262,49.6506693234798,3,other
1820.0,9.730027055389712,54.704591111936224,9,other
1821.0,13.19213416038636,49.1170700447128,8,other
1822.0,14.509962682189697,51.31165428381679,1,other
1823.0,10.331898295749795,52.33932696884952,9,other
1824.0,11.64703187170079,49.43687028585935,8,other
1825.0,7.519273141171595,53.2493203516626,0,other
1826.0,13.088827902712609,54.216805912659325,4,other
1827.0,6.437701539091677,51.29458629341852,7,other
1828.0,14.369825497867057,51.45987630569651,1,other
1829.0,12.271360994163842,50.61635825390828,5,other
1830.0,12.12224065700002,49.00028905777726,8,other
1831.0,9.13174907616613,51.11671986716286,6,other
1832.0,12.20219071728664,49.5267018142713,8,other
1833.0,11.87879721500363,52.266563430835845,5,other
1834.0,6.881469289446727,52.64834742658664,0,other
1835.0,7.655817064357762,52.027611565260045,0,other
1836.0,11.064923567591336,52.46059953220566,5,other
1837.0,11.626370620166028,53.70476620071119,4,other
1838.0,14.95822200896535,51.34848521046569,1,other
1839.0,11.020906118669473,49.58688893830731,2,other
1840.0,10.861904313380336,47.69952852637219,2,other
1841.0,9.144325490143784,51.14366932568644,6,other
1842.0,12.495041499909604,47.8747000067755,8,other
1843.0,9.14881706656439,52.65912720999607,0,other
1844.0,9.356327897195996,48.53226679475099,3,other
1845.0,12.417786385475324,49.23025777051186,8,other
1846.0,7.556104067820485,53.133437680011184,0,other
1847.0,9.439871218619118,52.95736788432376,9,other
1848.0,9.742603469367396,52.476769207319805,9,other
1849.0,13.563138372727735,51.13019459642464,1,other
1850.0,12.601042703435724,47.94926017535742,8,other
1851.0,10.799022243491947,51.75452371888772,5,other
1852.0,6.827570372399549,50.78703815789099,7,other
1854.0,11.32094342356541,47.93488713081151,2,other
1855.0,11.677574591360838,52.13001950764968,5,other
1856.0,10.689427778829383,47.743545975294055,2,other
1857.0,8.466097450633555,51.88837269622152,0,other
1858.0,12.362989153144042,51.38531613711459,5,other
1859.0,9.242241856112829,48.63287810657238,3,other
1860.0,9.776739450163944,50.70618978232023,6,other
1861.0,6.819485534842471,51.493113971208935,7,other
1864.0,11.622777359029556,50.91909050465656,5,other
1865.0,7.434831504464341,52.98791060398382,0,other
1866.0,10.73434354303535,54.07217715191608,9,other
1867.0,7.436628135032578,53.53767955786496,0,other
1868.0,8.496640170293631,50.0558095166177,6,other
1869.0,11.248179885551709,52.31866571731477,5,other
1870.0,8.469690711770028,49.64438111649096,3,other
1871.0,7.834581805897528,50.788834788459226,7,other
1872.0,10.314830305351537,49.980351032751656,6,other
1873.0,11.180806239242742,48.01932876751874,2,other
1874.0,9.141630544291443,49.90129928774914,6,other
1875.0,11.603014422778926,48.83230409964691,8,other
1876.0,8.6107262113768,49.89770602661267,6,other
1877.0,10.514256298426062,52.27913984481352,5,other
1878.0,12.143800223818886,50.01718195940056,8,other
1879.0,9.636602265841304,47.74983418228289,2,other
1880.0,11.77549095732988,52.099476787989616,5,other
1881.0,8.614319472513273,49.63629627893389,3,other
1882.0,7.521968087023936,51.3763329842734,7,other
1883.0,9.176664840372098,53.90419219378573,9,other
1884.0,7.930701541298333,52.201884730379234,0,other
1885.0,8.973645586161098,54.69021806739031,9,other
1886.0,7.670190108903654,50.42771204424318,7,other
1887.0,10.352559547284557,52.163257173162094,5,other
1888.0,8.981730423718176,53.32208388967628,9,other
1889.0,10.753208164001848,52.421073659704405,5,other
1890.0,12.37646388240583,52.60432997766478,4,other
1891.0,7.827395283624583,48.207974977183845,3,other
1892.0,12.0386973355769,53.61044309587865,4,other
1893.0,13.224473510614672,52.55492263703821,4,other
1894.0,8.696066163368158,48.89069459311468,3,other
1895.0,9.13174907616613,49.09910373903041,3,other
1896.0,14.318621526672246,51.77877823155894,1,other
1897.0,10.813395288037867,49.02903514686909,2,other
1898.0,8.628692517059193,53.49545873951135,0,other
1899.0,7.901955452206494,49.44675175398466,3,other
1900.0,12.084511415067,51.85154176957262,5,other
1901.0,11.273332713507074,50.21481132190686,5,other
1902.0,10.606782772690366,54.15661878862332,9,other
1903.0,6.50417687011651,50.92897197278187,7,other
1904.0,12.028815867451584,51.2245177012572,5,other
1905.0,14.29706195985338,52.363581481520754,1,other
1906.0,10.881667249630963,49.92824874627273,2,other
1907.0,11.816813460399374,48.146889537863714,8,other
1908.0,8.48496207160008,50.56964585913406,6,other
1909.0,11.717998779146228,47.83068255785364,8,other
1910.0,11.46377555374039,48.87272828743229,8,other
1911.0,13.96199035887679,51.845253562583785,1,other
1912.0,8.363689508243937,51.60360675115564,0,other
1913.0,6.190664835958813,51.83088051803787,7,other
1914.0,7.024301419621736,51.043956329149175,7,other
1915.0,7.948667846980726,52.28093647538175,0,other
1916.0,10.469340534220096,47.77858027137472,2,other
1917.0,13.243338131581169,53.4056272110994,4,other
1918.0,9.808180485108124,48.80265969527097,2,other
1919.0,10.005809847614415,47.77947858665883,2,other
1920.0,9.522516224758109,54.81059231546233,9,other
1921.0,8.246908521308399,48.72540458083669,3,other
1922.0,10.141455455516478,53.30950747569861,9,other
1923.0,11.14038205145738,53.683206633892325,9,other
1924.0,12.621703954970457,51.45897799041239,5,other
1925.0,12.910961476456947,53.69847799372236,4,other
1926.0,10.13876050966411,53.690393156165285,9,other
1927.0,7.965735837378986,52.40580229987437,0,other
1928.0,12.027019236883348,51.32872227421506,5,other
1929.0,14.629438614977602,51.03227823045562,1,other
1930.0,9.60336460032886,47.54501829750364,2,other
1931.0,12.375565567121726,53.63649423911811,4,other
1932.0,10.869989150937386,47.828885927285405,2,other
1933.0,9.358124527764232,49.56982094790904,6,other
1934.0,6.760196726090584,51.415858856774655,7,other
1935.0,9.668941616069588,47.55040818920836,2,other
1936.0,9.18924125434978,50.1941500703721,6,other
1937.0,13.159794810158049,48.29061998332284,8,other
1938.0,9.082341735539558,54.197042976408696,9,other
1939.0,14.482114908381988,51.81471084292372,1,other
1940.0,12.243513220356135,51.56138593280202,5,other
1941.0,8.660133552003373,51.93239014514338,0,other
1942.0,10.922091437416327,53.7326139745189,9,other
1943.0,12.6549416204829,53.49366210894311,4,other
1944.0,8.777812854223043,48.915847421070026,3,other
1945.0,14.983374836920689,51.1508558479594,1,other
1946.0,9.808180485108124,52.38334441777138,9,other
1947.0,9.622229221295385,48.07951589155475,2,other
1949.0,9.437176272766749,47.61598520494908,3,other
1950.0,9.491075189813929,53.66613864349406,9,other
1951.0,8.032211168403819,53.118166320181146,0,other
1952.0,10.906820077586303,50.44208508878909,5,other
1953.0,12.676501187301769,49.222172932954784,8,other
1954.0,8.000770133459639,53.04360615159923,0,other
1955.0,12.8804187567969,50.77266511334508,1,other
1956.0,11.50958963323049,51.52006342973252,5,other
1957.0,13.26938927482064,51.07988894051395,1,other
1958.0,6.377514415055657,50.59300205652117,7,other
1959.0,12.078223208078157,50.00550386070701,8,other
1960.0,10.926583013836932,53.69308810201764,9,other
1961.0,6.114308036808637,50.82297076925577,7,other
1962.0,9.268292999352298,53.64098581553871,9,other
1963.0,10.820581810310811,48.16126258240963,2,other
1964.0,11.825796613240556,48.36338352133652,8,other
1965.0,12.709738852814183,53.376881122007575,4,other
1966.0,9.41471839066378,49.78721324666597,6,other
1967.0,12.566906722639176,52.45970121692154,4,other
1968.0,9.390463877992543,48.65443767339124,3,other
1969.0,7.180608279058532,51.1787036217671,7,other
1970.0,9.85579119516646,54.43599484198448,9,other
1971.0,6.2957677242008,51.4913173406407,7,other
1972.0,10.141455455516478,54.383892555505554,9,other
1973.0,10.555578801495557,52.31417414089418,5,other
1974.0,7.433933189180237,50.43130530537966,7,other
1975.0,12.502228022182578,51.86321986826618,5,other
1976.0,9.225173865714568,48.916745736354144,3,other
1977.0,7.853446426864053,51.19577161216537,7,other
1978.0,12.590262920026277,48.567301090831656,8,other
1979.0,8.668218389560451,50.061199408322416,6,other
1980.0,8.323265320458546,49.34793707273152,3,other
1981.0,8.917051723261551,50.123183162926665,6,other
1982.0,11.499708165105176,48.13970301559076,8,other
1983.0,6.554482526027215,50.8840562085759,7,other
1984.0,8.980832108434043,52.36537811208899,0,other
1985.0,8.820033672576642,50.40345753157195,6,other
1986.0,14.885458470951647,50.943345017327786,1,other
1987.0,8.166060145737646,49.56982094790904,3,other
1988.0,10.822378440879078,49.766551995131216,2,other
1989.0,7.198574584740925,51.062820950115686,7,other
1990.0,9.66983993135372,53.6176296181516,9,other
1991.0,10.005809847614415,53.79010615270255,9,other
1992.0,13.248728023285878,52.76423009823806,4,other
1993.0,10.632833915929837,47.61239194381261,2,other
1994.0,12.746569779463073,48.730794472541405,8,other
1995.0,10.218710569950758,52.165952119014456,9,other
1996.0,11.965933797563224,51.740150674341805,5,other
1997.0,12.696264123552396,52.35729327453191,4,other
1998.0,6.3415818036909,50.158217459007325,7,other
1999.0,6.516753284094193,50.847225281927,7,other
