feature_set,ROC_AUC_mean,ROC_AUC_std
Stack (antecedent climate),0.7773581291143937,0.04933303142937354
AEF (prev-year),0.7804746222622826,0.03183045640080358
AEF + Stack,0.8210436399045523,0.03320533999170115
